"PR2012 1er tour","PR2012 2ème tour","sûr de son choix"
"Abstention","Blanc,nul, abstention, sans réponse","Pourrait changer d avis"
"Abstention","Blanc,nul, abstention, sans réponse","Pourrait changer d avis"
"Abstention","Blanc,nul, abstention, sans réponse","Pourrait changer d avis"
"Abstention","Blanc,nul, abstention, sans réponse","Pourrait changer d avis"
"Abstention","Blanc,nul, abstention, sans réponse","Pourrait changer d avis"
"Abstention","Blanc,nul, abstention, sans réponse","Pourrait changer d avis"
"Abstention","Blanc,nul, abstention, sans réponse","Pourrait changer d avis"
"Abstention","Blanc,nul, abstention, sans réponse","Pourrait changer d avis"
"Abstention","Blanc,nul, abstention, sans réponse","Pourrait changer d avis"
"Abstention","Blanc,nul, abstention, sans réponse","Pourrait changer d avis"
"Abstention","Blanc,nul, abstention, sans réponse","Pourrait changer d avis"
"Abstention","Blanc,nul, abstention, sans réponse","Pourrait changer d avis"
"Abstention","Blanc,nul, abstention, sans réponse","Pourrait changer d avis"
"Abstention","Blanc,nul, abstention, sans réponse","Pourrait changer d avis"
"Abstention","Blanc,nul, abstention, sans réponse","Pourrait changer d avis"
"Abstention","Blanc,nul, abstention, sans réponse","Pourrait changer d avis"
"Abstention","Blanc,nul, abstention, sans réponse","Pourrait changer d avis"
"Abstention","Blanc,nul, abstention, sans réponse","Pourrait changer d avis"
"Abstention","Blanc,nul, abstention, sans réponse","Pourrait changer d avis"
"Abstention","Blanc,nul, abstention, sans réponse","Pourrait changer d avis"
"Abstention","Blanc,nul, abstention, sans réponse","Pourrait changer d avis"
"Abstention","Blanc,nul, abstention, sans réponse","Pourrait changer d avis"
"Abstention","Blanc,nul, abstention, sans réponse","Pourrait changer d avis"
"Abstention","Blanc,nul, abstention, sans réponse","Pourrait changer d avis"
"Abstention","Blanc,nul, abstention, sans réponse","Pourrait changer d avis"
"Abstention","Blanc,nul, abstention, sans réponse","Pourrait changer d avis"
"Abstention","Blanc,nul, abstention, sans réponse","Pourrait changer d avis"
"Abstention","Blanc,nul, abstention, sans réponse","Pourrait changer d avis"
"Abstention","Blanc,nul, abstention, sans réponse","Pourrait changer d avis"
"Abstention","Blanc,nul, abstention, sans réponse","Pourrait changer d avis"
"Abstention","Blanc,nul, abstention, sans réponse","Pourrait changer d avis"
"Abstention","Blanc,nul, abstention, sans réponse","Pourrait changer d avis"
"Abstention","Blanc,nul, abstention, sans réponse","Pourrait changer d avis"
"Abstention","Blanc,nul, abstention, sans réponse","Pourrait changer d avis"
"Abstention","Blanc,nul, abstention, sans réponse","Pourrait changer d avis"
"Abstention","Blanc,nul, abstention, sans réponse","Pourrait changer d avis"
"Abstention","Blanc,nul, abstention, sans réponse","Pourrait changer d avis"
"Abstention","Blanc,nul, abstention, sans réponse","Pourrait changer d avis"
"Abstention","Blanc,nul, abstention, sans réponse","Pourrait changer d avis"
"Abstention","Blanc,nul, abstention, sans réponse","Pourrait changer d avis"
"Abstention","Blanc,nul, abstention, sans réponse","Pourrait changer d avis"
"Abstention","Blanc,nul, abstention, sans réponse","Pourrait changer d avis"
"Abstention","Blanc,nul, abstention, sans réponse","Pourrait changer d avis"
"Abstention","Blanc,nul, abstention, sans réponse","Pourrait changer d avis"
"Abstention","Blanc,nul, abstention, sans réponse","Pourrait changer d avis"
"Abstention","Blanc,nul, abstention, sans réponse","Pourrait changer d avis"
"Abstention","Blanc,nul, abstention, sans réponse","Pourrait changer d avis"
"Abstention","Blanc,nul, abstention, sans réponse","Pourrait changer d avis"
"Abstention","Blanc,nul, abstention, sans réponse","Pourrait changer d avis"
"Abstention","Blanc,nul, abstention, sans réponse","Pourrait changer d avis"
"Abstention","Blanc,nul, abstention, sans réponse","Sans opinion"
"Abstention","Blanc,nul, abstention, sans réponse","Sans opinion"
"Abstention","Blanc,nul, abstention, sans réponse","Sans opinion"
"Abstention","Blanc,nul, abstention, sans réponse","Sans opinion"
"Abstention","Blanc,nul, abstention, sans réponse","Sans opinion"
"Abstention","Blanc,nul, abstention, sans réponse","Sans opinion"
"Abstention","Blanc,nul, abstention, sans réponse","Sans opinion"
"Abstention","Blanc,nul, abstention, sans réponse","Sans opinion"
"Abstention","Blanc,nul, abstention, sans réponse","Sans opinion"
"Abstention","Blanc,nul, abstention, sans réponse","Sans opinion"
"Abstention","Blanc,nul, abstention, sans réponse","Sans opinion"
"Abstention","Blanc,nul, abstention, sans réponse","Sans opinion"
"Abstention","Blanc,nul, abstention, sans réponse","Sans opinion"
"Abstention","Blanc,nul, abstention, sans réponse","Sans opinion"
"Abstention","Blanc,nul, abstention, sans réponse","Sans opinion"
"Abstention","Blanc,nul, abstention, sans réponse","Sans opinion"
"Abstention","Blanc,nul, abstention, sans réponse","Sans opinion"
"Abstention","Blanc,nul, abstention, sans réponse","Sans opinion"
"Abstention","Blanc,nul, abstention, sans réponse","Sans opinion"
"Abstention","Blanc,nul, abstention, sans réponse","Sans opinion"
"Abstention","Blanc,nul, abstention, sans réponse","Sans opinion"
"Abstention","Blanc,nul, abstention, sans réponse","Sans opinion"
"Abstention","Blanc,nul, abstention, sans réponse","Sans opinion"
"Abstention","Blanc,nul, abstention, sans réponse","Sans opinion"
"Abstention","Blanc,nul, abstention, sans réponse","Sans opinion"
"Abstention","Blanc,nul, abstention, sans réponse","Sûr de son choix"
"Abstention","Blanc,nul, abstention, sans réponse","Sûr de son choix"
"Abstention","Blanc,nul, abstention, sans réponse","Sûr de son choix"
"Abstention","Blanc,nul, abstention, sans réponse","Sûr de son choix"
"Abstention","Blanc,nul, abstention, sans réponse","Sûr de son choix"
"Abstention","Blanc,nul, abstention, sans réponse","Sûr de son choix"
"Abstention","Blanc,nul, abstention, sans réponse","Sûr de son choix"
"Abstention","Blanc,nul, abstention, sans réponse","Sûr de son choix"
"Abstention","Blanc,nul, abstention, sans réponse","Sûr de son choix"
"Abstention","Blanc,nul, abstention, sans réponse","Sûr de son choix"
"Abstention","Blanc,nul, abstention, sans réponse","Sûr de son choix"
"Abstention","Blanc,nul, abstention, sans réponse","Sûr de son choix"
"Abstention","Blanc,nul, abstention, sans réponse","Sûr de son choix"
"Abstention","Blanc,nul, abstention, sans réponse","Sûr de son choix"
"Abstention","Blanc,nul, abstention, sans réponse","Sûr de son choix"
"Abstention","Blanc,nul, abstention, sans réponse","Sûr de son choix"
"Abstention","Blanc,nul, abstention, sans réponse","Sûr de son choix"
"Abstention","Blanc,nul, abstention, sans réponse","Sûr de son choix"
"Abstention","Blanc,nul, abstention, sans réponse","Sûr de son choix"
"Abstention","Blanc,nul, abstention, sans réponse","Sûr de son choix"
"Abstention","Blanc,nul, abstention, sans réponse","Sûr de son choix"
"Abstention","Blanc,nul, abstention, sans réponse","Sûr de son choix"
"Abstention","Blanc,nul, abstention, sans réponse","Sûr de son choix"
"Abstention","Blanc,nul, abstention, sans réponse","Sûr de son choix"
"Abstention","Blanc,nul, abstention, sans réponse","Sûr de son choix"
"Abstention","Blanc,nul, abstention, sans réponse","Sûr de son choix"
"Abstention","Blanc,nul, abstention, sans réponse","Sûr de son choix"
"Abstention","Blanc,nul, abstention, sans réponse","Sûr de son choix"
"Abstention","Blanc,nul, abstention, sans réponse","Sûr de son choix"
"Abstention","Blanc,nul, abstention, sans réponse","Sûr de son choix"
"Abstention","Blanc,nul, abstention, sans réponse","Sûr de son choix"
"Abstention","Blanc,nul, abstention, sans réponse","Sûr de son choix"
"Abstention","Blanc,nul, abstention, sans réponse","Sûr de son choix"
"Abstention","Blanc,nul, abstention, sans réponse","Sûr de son choix"
"Abstention","Blanc,nul, abstention, sans réponse","Sûr de son choix"
"Abstention","Blanc,nul, abstention, sans réponse","Sûr de son choix"
"Abstention","Blanc,nul, abstention, sans réponse","Sûr de son choix"
"Abstention","Blanc,nul, abstention, sans réponse","Sûr de son choix"
"Abstention","Blanc,nul, abstention, sans réponse","Sûr de son choix"
"Abstention","Blanc,nul, abstention, sans réponse","Sûr de son choix"
"Abstention","Blanc,nul, abstention, sans réponse","Sûr de son choix"
"Abstention","Blanc,nul, abstention, sans réponse","Sûr de son choix"
"Abstention","Blanc,nul, abstention, sans réponse","Sûr de son choix"
"Abstention","Blanc,nul, abstention, sans réponse","Sûr de son choix"
"Abstention","Blanc,nul, abstention, sans réponse","Sûr de son choix"
"Abstention","Blanc,nul, abstention, sans réponse","Sûr de son choix"
"Abstention","Blanc,nul, abstention, sans réponse","Sûr de son choix"
"Abstention","Blanc,nul, abstention, sans réponse","Sûr de son choix"
"Abstention","Blanc,nul, abstention, sans réponse","Sûr de son choix"
"Abstention","Blanc,nul, abstention, sans réponse","Sûr de son choix"
"Abstention","Blanc,nul, abstention, sans réponse","Sûr de son choix"
"Abstention","Blanc,nul, abstention, sans réponse","Sûr de son choix"
"Abstention","Blanc,nul, abstention, sans réponse","Sûr de son choix"
"Abstention","Blanc,nul, abstention, sans réponse","Sûr de son choix"
"Abstention","Blanc,nul, abstention, sans réponse","Sûr de son choix"
"Abstention","Blanc,nul, abstention, sans réponse","Sûr de son choix"
"Abstention","Blanc,nul, abstention, sans réponse","Sûr de son choix"
"Abstention","Blanc,nul, abstention, sans réponse","Sûr de son choix"
"Abstention","Blanc,nul, abstention, sans réponse","Sûr de son choix"
"Abstention","Blanc,nul, abstention, sans réponse","Sûr de son choix"
"Abstention","Blanc,nul, abstention, sans réponse","Sûr de son choix"
"Abstention","Blanc,nul, abstention, sans réponse","Sûr de son choix"
"Abstention","Blanc,nul, abstention, sans réponse","Sûr de son choix"
"Abstention","Blanc,nul, abstention, sans réponse","Sûr de son choix"
"Abstention","Blanc,nul, abstention, sans réponse","Sûr de son choix"
"Abstention","Blanc,nul, abstention, sans réponse","Sûr de son choix"
"Abstention","Blanc,nul, abstention, sans réponse","Sûr de son choix"
"Abstention","Blanc,nul, abstention, sans réponse","Sûr de son choix"
"Abstention","Blanc,nul, abstention, sans réponse","Sûr de son choix"
"Abstention","Blanc,nul, abstention, sans réponse","Sûr de son choix"
"Abstention","Blanc,nul, abstention, sans réponse","Sûr de son choix"
"Abstention","Blanc,nul, abstention, sans réponse","Sûr de son choix"
"Abstention","Blanc,nul, abstention, sans réponse","Sûr de son choix"
"Abstention","Blanc,nul, abstention, sans réponse","Sûr de son choix"
"Abstention","Blanc,nul, abstention, sans réponse","Sûr de son choix"
"Abstention","Blanc,nul, abstention, sans réponse","Sûr de son choix"
"Abstention","Blanc,nul, abstention, sans réponse","Sûr de son choix"
"Abstention","Blanc,nul, abstention, sans réponse","Sûr de son choix"
"Abstention","Blanc,nul, abstention, sans réponse","Sûr de son choix"
"Abstention","Blanc,nul, abstention, sans réponse","Sûr de son choix"
"Abstention","Blanc,nul, abstention, sans réponse","Sûr de son choix"
"Abstention","Blanc,nul, abstention, sans réponse","Sûr de son choix"
"Abstention","Blanc,nul, abstention, sans réponse","Sûr de son choix"
"Abstention","Blanc,nul, abstention, sans réponse","Sûr de son choix"
"Abstention","Blanc,nul, abstention, sans réponse","Sûr de son choix"
"Abstention","Blanc,nul, abstention, sans réponse","Sûr de son choix"
"Abstention","Blanc,nul, abstention, sans réponse","Sûr de son choix"
"Abstention","Blanc,nul, abstention, sans réponse","Sûr de son choix"
"Abstention","Blanc,nul, abstention, sans réponse","Sûr de son choix"
"Abstention","Blanc,nul, abstention, sans réponse","Sûr de son choix"
"Abstention","Blanc,nul, abstention, sans réponse","Sûr de son choix"
"Abstention","Blanc,nul, abstention, sans réponse","Sûr de son choix"
"Abstention","Blanc,nul, abstention, sans réponse","Sûr de son choix"
"Abstention","Blanc,nul, abstention, sans réponse","Sûr de son choix"
"Abstention","Blanc,nul, abstention, sans réponse","Sûr de son choix"
"Abstention","Blanc,nul, abstention, sans réponse","Sûr de son choix"
"Abstention","Blanc,nul, abstention, sans réponse","Sûr de son choix"
"Abstention","Blanc,nul, abstention, sans réponse","Sûr de son choix"
"Abstention","Blanc,nul, abstention, sans réponse","Sûr de son choix"
"Abstention","Blanc,nul, abstention, sans réponse","Sûr de son choix"
"Abstention","Blanc,nul, abstention, sans réponse","Sûr de son choix"
"Abstention","Blanc,nul, abstention, sans réponse","Sûr de son choix"
"Abstention","Blanc,nul, abstention, sans réponse","Sûr de son choix"
"Abstention","Blanc,nul, abstention, sans réponse","Sûr de son choix"
"Abstention","Blanc,nul, abstention, sans réponse","Sûr de son choix"
"Abstention","Blanc,nul, abstention, sans réponse","Sûr de son choix"
"Abstention","Blanc,nul, abstention, sans réponse","Sûr de son choix"
"Abstention","Blanc,nul, abstention, sans réponse","Sûr de son choix"
"Abstention","Blanc,nul, abstention, sans réponse","Sûr de son choix"
"Abstention","Blanc,nul, abstention, sans réponse","Sûr de son choix"
"Abstention","Blanc,nul, abstention, sans réponse","Sûr de son choix"
"Abstention","Blanc,nul, abstention, sans réponse","Sûr de son choix"
"Abstention","Blanc,nul, abstention, sans réponse","Sûr de son choix"
"Abstention","Blanc,nul, abstention, sans réponse","Sûr de son choix"
"Abstention","Blanc,nul, abstention, sans réponse","Sûr de son choix"
"Abstention","Blanc,nul, abstention, sans réponse","Sûr de son choix"
"Abstention","Blanc,nul, abstention, sans réponse","Sûr de son choix"
"Abstention","Blanc,nul, abstention, sans réponse","Sûr de son choix"
"Abstention","Blanc,nul, abstention, sans réponse","Sûr de son choix"
"Abstention","Blanc,nul, abstention, sans réponse","Sûr de son choix"
"Abstention","Blanc,nul, abstention, sans réponse","Sûr de son choix"
"Abstention","Blanc,nul, abstention, sans réponse","Sûr de son choix"
"Abstention","Blanc,nul, abstention, sans réponse","Sûr de son choix"
"Abstention","Blanc,nul, abstention, sans réponse","Sûr de son choix"
"Abstention","Blanc,nul, abstention, sans réponse","Sûr de son choix"
"Abstention","Blanc,nul, abstention, sans réponse","Sûr de son choix"
"Abstention","Blanc,nul, abstention, sans réponse","Sûr de son choix"
"Abstention","Blanc,nul, abstention, sans réponse","Sûr de son choix"
"Abstention","Blanc,nul, abstention, sans réponse","Sûr de son choix"
"Abstention","Blanc,nul, abstention, sans réponse","Sûr de son choix"
"Abstention","Blanc,nul, abstention, sans réponse","Sûr de son choix"
"Abstention","Blanc,nul, abstention, sans réponse","Sûr de son choix"
"Abstention","Blanc,nul, abstention, sans réponse","Sûr de son choix"
"Abstention","Blanc,nul, abstention, sans réponse","Sûr de son choix"
"Abstention","Blanc,nul, abstention, sans réponse","Sûr de son choix"
"Abstention","Blanc,nul, abstention, sans réponse","Sûr de son choix"
"Abstention","Blanc,nul, abstention, sans réponse","Sûr de son choix"
"Abstention","Blanc,nul, abstention, sans réponse","Sûr de son choix"
"Abstention","François Hollande","Pourrait changer d avis"
"Abstention","François Hollande","Pourrait changer d avis"
"Abstention","François Hollande","Pourrait changer d avis"
"Abstention","François Hollande","Pourrait changer d avis"
"Abstention","François Hollande","Pourrait changer d avis"
"Abstention","François Hollande","Pourrait changer d avis"
"Abstention","François Hollande","Pourrait changer d avis"
"Abstention","François Hollande","Pourrait changer d avis"
"Abstention","François Hollande","Pourrait changer d avis"
"Abstention","François Hollande","Pourrait changer d avis"
"Abstention","François Hollande","Pourrait changer d avis"
"Abstention","François Hollande","Pourrait changer d avis"
"Abstention","François Hollande","Pourrait changer d avis"
"Abstention","François Hollande","Pourrait changer d avis"
"Abstention","François Hollande","Pourrait changer d avis"
"Abstention","François Hollande","Pourrait changer d avis"
"Abstention","François Hollande","Pourrait changer d avis"
"Abstention","François Hollande","Pourrait changer d avis"
"Abstention","François Hollande","Pourrait changer d avis"
"Abstention","François Hollande","Pourrait changer d avis"
"Abstention","François Hollande","Sans opinion"
"Abstention","François Hollande","Sûr de son choix"
"Abstention","François Hollande","Sûr de son choix"
"Abstention","François Hollande","Sûr de son choix"
"Abstention","François Hollande","Sûr de son choix"
"Abstention","François Hollande","Sûr de son choix"
"Abstention","François Hollande","Sûr de son choix"
"Abstention","François Hollande","Sûr de son choix"
"Abstention","François Hollande","Sûr de son choix"
"Abstention","François Hollande","Sûr de son choix"
"Abstention","François Hollande","Sûr de son choix"
"Abstention","François Hollande","Sûr de son choix"
"Abstention","François Hollande","Sûr de son choix"
"Abstention","François Hollande","Sûr de son choix"
"Abstention","François Hollande","Sûr de son choix"
"Abstention","François Hollande","Sûr de son choix"
"Abstention","François Hollande","Sûr de son choix"
"Abstention","François Hollande","Sûr de son choix"
"Abstention","François Hollande","Sûr de son choix"
"Abstention","François Hollande","Sûr de son choix"
"Abstention","François Hollande","Sûr de son choix"
"Abstention","François Hollande","Sûr de son choix"
"Abstention","François Hollande","Sûr de son choix"
"Abstention","François Hollande","Sûr de son choix"
"Abstention","François Hollande","Sûr de son choix"
"Abstention","François Hollande","Sûr de son choix"
"Abstention","François Hollande","Sûr de son choix"
"Abstention","François Hollande","Sûr de son choix"
"Abstention","François Hollande","Sûr de son choix"
"Abstention","François Hollande","Sûr de son choix"
"Abstention","François Hollande","Sûr de son choix"
"Abstention","François Hollande","Sûr de son choix"
"Abstention","François Hollande","Sûr de son choix"
"Abstention","François Hollande","Sûr de son choix"
"Abstention","François Hollande","Sûr de son choix"
"Abstention","François Hollande","Sûr de son choix"
"Abstention","François Hollande","Sûr de son choix"
"Abstention","François Hollande","Sûr de son choix"
"Abstention","François Hollande","Sûr de son choix"
"Abstention","François Hollande","Sûr de son choix"
"Abstention","François Hollande","Sûr de son choix"
"Abstention","François Hollande","Sûr de son choix"
"Abstention","François Hollande","Sûr de son choix"
"Abstention","François Hollande","Sûr de son choix"
"Abstention","François Hollande","Sûr de son choix"
"Abstention","François Hollande","Sûr de son choix"
"Abstention","François Hollande","Sûr de son choix"
"Abstention","François Hollande","Sûr de son choix"
"Abstention","François Hollande","Sûr de son choix"
"Abstention","François Hollande","Sûr de son choix"
"Abstention","François Hollande","Sûr de son choix"
"Abstention","François Hollande","Sûr de son choix"
"Abstention","François Hollande","Sûr de son choix"
"Abstention","François Hollande","Sûr de son choix"
"Abstention","François Hollande","Sûr de son choix"
"Abstention","François Hollande","Sûr de son choix"
"Abstention","François Hollande","Sûr de son choix"
"Abstention","François Hollande","Sûr de son choix"
"Abstention","François Hollande","Sûr de son choix"
"Abstention","François Hollande","Sûr de son choix"
"Abstention","François Hollande","Sûr de son choix"
"Abstention","François Hollande","Sûr de son choix"
"Abstention","François Hollande","Sûr de son choix"
"Abstention","François Hollande","Sûr de son choix"
"Abstention","François Hollande","Sûr de son choix"
"Abstention","François Hollande","Sûr de son choix"
"Abstention","François Hollande","Sûr de son choix"
"Abstention","François Hollande","Sûr de son choix"
"Abstention","François Hollande","Sûr de son choix"
"Abstention","François Hollande","Sûr de son choix"
"Abstention","François Hollande","Sûr de son choix"
"Abstention","François Hollande","Sûr de son choix"
"Abstention","François Hollande","Sûr de son choix"
"Abstention","François Hollande","Sûr de son choix"
"Abstention","François Hollande","Sûr de son choix"
"Abstention","François Hollande","Sûr de son choix"
"Abstention","François Hollande","Sûr de son choix"
"Abstention","François Hollande","Sûr de son choix"
"Abstention","François Hollande","Sûr de son choix"
"Abstention","François Hollande","Sûr de son choix"
"Abstention","François Hollande","Sûr de son choix"
"Abstention","François Hollande","Sûr de son choix"
"Abstention","François Hollande","Sûr de son choix"
"Abstention","François Hollande","Sûr de son choix"
"Abstention","François Hollande","Sûr de son choix"
"Abstention","François Hollande","Sûr de son choix"
"Abstention","François Hollande","Sûr de son choix"
"Abstention","François Hollande","Sûr de son choix"
"Abstention","François Hollande","Sûr de son choix"
"Abstention","François Hollande","Sûr de son choix"
"Abstention","François Hollande","Sûr de son choix"
"Abstention","François Hollande","Sûr de son choix"
"Abstention","François Hollande","Sûr de son choix"
"Abstention","François Hollande","Sûr de son choix"
"Abstention","François Hollande","Sûr de son choix"
"Abstention","François Hollande","Sûr de son choix"
"Abstention","François Hollande","Sûr de son choix"
"Abstention","François Hollande","Sûr de son choix"
"Abstention","François Hollande","Sûr de son choix"
"Abstention","François Hollande","Sûr de son choix"
"Abstention","Nicolas Sarkozy","Pourrait changer d avis"
"Abstention","Nicolas Sarkozy","Pourrait changer d avis"
"Abstention","Nicolas Sarkozy","Pourrait changer d avis"
"Abstention","Nicolas Sarkozy","Pourrait changer d avis"
"Abstention","Nicolas Sarkozy","Pourrait changer d avis"
"Abstention","Nicolas Sarkozy","Pourrait changer d avis"
"Abstention","Nicolas Sarkozy","Pourrait changer d avis"
"Abstention","Nicolas Sarkozy","Pourrait changer d avis"
"Abstention","Nicolas Sarkozy","Pourrait changer d avis"
"Abstention","Nicolas Sarkozy","Pourrait changer d avis"
"Abstention","Nicolas Sarkozy","Pourrait changer d avis"
"Abstention","Nicolas Sarkozy","Pourrait changer d avis"
"Abstention","Nicolas Sarkozy","Pourrait changer d avis"
"Abstention","Nicolas Sarkozy","Pourrait changer d avis"
"Abstention","Nicolas Sarkozy","Pourrait changer d avis"
"Abstention","Nicolas Sarkozy","Pourrait changer d avis"
"Abstention","Nicolas Sarkozy","Pourrait changer d avis"
"Abstention","Nicolas Sarkozy","Pourrait changer d avis"
"Abstention","Nicolas Sarkozy","Sûr de son choix"
"Abstention","Nicolas Sarkozy","Sûr de son choix"
"Abstention","Nicolas Sarkozy","Sûr de son choix"
"Abstention","Nicolas Sarkozy","Sûr de son choix"
"Abstention","Nicolas Sarkozy","Sûr de son choix"
"Abstention","Nicolas Sarkozy","Sûr de son choix"
"Abstention","Nicolas Sarkozy","Sûr de son choix"
"Abstention","Nicolas Sarkozy","Sûr de son choix"
"Abstention","Nicolas Sarkozy","Sûr de son choix"
"Abstention","Nicolas Sarkozy","Sûr de son choix"
"Abstention","Nicolas Sarkozy","Sûr de son choix"
"Abstention","Nicolas Sarkozy","Sûr de son choix"
"Abstention","Nicolas Sarkozy","Sûr de son choix"
"Abstention","Nicolas Sarkozy","Sûr de son choix"
"Abstention","Nicolas Sarkozy","Sûr de son choix"
"Abstention","Nicolas Sarkozy","Sûr de son choix"
"Abstention","Nicolas Sarkozy","Sûr de son choix"
"Abstention","Nicolas Sarkozy","Sûr de son choix"
"Abstention","Nicolas Sarkozy","Sûr de son choix"
"Abstention","Nicolas Sarkozy","Sûr de son choix"
"Abstention","Nicolas Sarkozy","Sûr de son choix"
"Abstention","Nicolas Sarkozy","Sûr de son choix"
"Abstention","Nicolas Sarkozy","Sûr de son choix"
"Abstention","Nicolas Sarkozy","Sûr de son choix"
"Abstention","Nicolas Sarkozy","Sûr de son choix"
"Abstention","Nicolas Sarkozy","Sûr de son choix"
"Abstention","Nicolas Sarkozy","Sûr de son choix"
"Abstention","Nicolas Sarkozy","Sûr de son choix"
"Abstention","Nicolas Sarkozy","Sûr de son choix"
"Abstention","Nicolas Sarkozy","Sûr de son choix"
"Abstention","Nicolas Sarkozy","Sûr de son choix"
"Abstention","Nicolas Sarkozy","Sûr de son choix"
"Abstention","Nicolas Sarkozy","Sûr de son choix"
"Abstention","Nicolas Sarkozy","Sûr de son choix"
"Abstention","Nicolas Sarkozy","Sûr de son choix"
"Abstention","Nicolas Sarkozy","Sûr de son choix"
"Abstention","Nicolas Sarkozy","Sûr de son choix"
"Abstention","Nicolas Sarkozy","Sûr de son choix"
"Abstention","Nicolas Sarkozy","Sûr de son choix"
"Abstention","Nicolas Sarkozy","Sûr de son choix"
"Abstention","Nicolas Sarkozy","Sûr de son choix"
"Abstention","Nicolas Sarkozy","Sûr de son choix"
"Abstention","Nicolas Sarkozy","Sûr de son choix"
"Abstention","Nicolas Sarkozy","Sûr de son choix"
"Abstention","Nicolas Sarkozy","Sûr de son choix"
"Abstention","Nicolas Sarkozy","Sûr de son choix"
"Abstention","Nicolas Sarkozy","Sûr de son choix"
"Abstention","Nicolas Sarkozy","Sûr de son choix"
"Abstention","Nicolas Sarkozy","Sûr de son choix"
"Abstention","Nicolas Sarkozy","Sûr de son choix"
"Abstention","Nicolas Sarkozy","Sûr de son choix"
"Abstention","Nicolas Sarkozy","Sûr de son choix"
"Abstention","Nicolas Sarkozy","Sûr de son choix"
"Abstention","Nicolas Sarkozy","Sûr de son choix"
"Abstention","Nicolas Sarkozy","Sûr de son choix"
"Abstention","Nicolas Sarkozy","Sûr de son choix"
"Abstention","Nicolas Sarkozy","Sûr de son choix"
"Abstention","Nicolas Sarkozy","Sûr de son choix"
"Abstention","Nicolas Sarkozy","Sûr de son choix"
"Abstention","Nicolas Sarkozy","Sûr de son choix"
"Abstention","Nicolas Sarkozy","Sûr de son choix"
"Abstention","Nicolas Sarkozy","Sûr de son choix"
"Abstention","Nicolas Sarkozy","Sûr de son choix"
"Abstention","Nicolas Sarkozy","Sûr de son choix"
"Abstention","Nicolas Sarkozy","Sûr de son choix"
"Abstention","Nicolas Sarkozy","Sûr de son choix"
"Abstention","Nicolas Sarkozy","Sûr de son choix"
"Abstention","Nicolas Sarkozy","Sûr de son choix"
"Abstention","Nicolas Sarkozy","Sûr de son choix"
"Abstention","Nicolas Sarkozy","Sûr de son choix"
"Abstention","Nicolas Sarkozy","Sûr de son choix"
"Abstention","Nicolas Sarkozy","Sûr de son choix"
"Abstention","Nicolas Sarkozy","Sûr de son choix"
"Eva Joly","Blanc,nul, abstention, sans réponse","Pourrait changer d avis"
"Eva Joly","Blanc,nul, abstention, sans réponse","Sûr de son choix"
"Eva Joly","François Hollande","Pourrait changer d avis"
"Eva Joly","François Hollande","Pourrait changer d avis"
"Eva Joly","François Hollande","Sûr de son choix"
"Eva Joly","François Hollande","Sûr de son choix"
"Eva Joly","François Hollande","Sûr de son choix"
"Eva Joly","François Hollande","Sûr de son choix"
"Eva Joly","François Hollande","Sûr de son choix"
"Eva Joly","François Hollande","Sûr de son choix"
"Eva Joly","François Hollande","Sûr de son choix"
"Eva Joly","François Hollande","Sûr de son choix"
"Eva Joly","François Hollande","Sûr de son choix"
"Eva Joly","François Hollande","Sûr de son choix"
"Eva Joly","François Hollande","Sûr de son choix"
"Eva Joly","François Hollande","Sûr de son choix"
"Eva Joly","François Hollande","Sûr de son choix"
"Eva Joly","François Hollande","Sûr de son choix"
"Eva Joly","François Hollande","Sûr de son choix"
"Eva Joly","François Hollande","Sûr de son choix"
"Eva Joly","François Hollande","Sûr de son choix"
"Eva Joly","François Hollande","Sûr de son choix"
"Eva Joly","François Hollande","Sûr de son choix"
"Eva Joly","François Hollande","Sûr de son choix"
"Eva Joly","François Hollande","Sûr de son choix"
"Eva Joly","François Hollande","Sûr de son choix"
"Eva Joly","François Hollande","Sûr de son choix"
"Eva Joly","François Hollande","Sûr de son choix"
"Eva Joly","Nicolas Sarkozy","Pourrait changer d avis"
"Eva Joly","Nicolas Sarkozy","Sûr de son choix"
"François Bayrou","Blanc,nul, abstention, sans réponse","Pourrait changer d avis"
"François Bayrou","Blanc,nul, abstention, sans réponse","Pourrait changer d avis"
"François Bayrou","Blanc,nul, abstention, sans réponse","Pourrait changer d avis"
"François Bayrou","Blanc,nul, abstention, sans réponse","Pourrait changer d avis"
"François Bayrou","Blanc,nul, abstention, sans réponse","Pourrait changer d avis"
"François Bayrou","Blanc,nul, abstention, sans réponse","Pourrait changer d avis"
"François Bayrou","Blanc,nul, abstention, sans réponse","Pourrait changer d avis"
"François Bayrou","Blanc,nul, abstention, sans réponse","Sans opinion"
"François Bayrou","Blanc,nul, abstention, sans réponse","Sans opinion"
"François Bayrou","Blanc,nul, abstention, sans réponse","Sans opinion"
"François Bayrou","Blanc,nul, abstention, sans réponse","Sans opinion"
"François Bayrou","Blanc,nul, abstention, sans réponse","Sans opinion"
"François Bayrou","Blanc,nul, abstention, sans réponse","Sans opinion"
"François Bayrou","Blanc,nul, abstention, sans réponse","Sûr de son choix"
"François Bayrou","Blanc,nul, abstention, sans réponse","Sûr de son choix"
"François Bayrou","Blanc,nul, abstention, sans réponse","Sûr de son choix"
"François Bayrou","Blanc,nul, abstention, sans réponse","Sûr de son choix"
"François Bayrou","Blanc,nul, abstention, sans réponse","Sûr de son choix"
"François Bayrou","Blanc,nul, abstention, sans réponse","Sûr de son choix"
"François Bayrou","Blanc,nul, abstention, sans réponse","Sûr de son choix"
"François Bayrou","Blanc,nul, abstention, sans réponse","Sûr de son choix"
"François Bayrou","Blanc,nul, abstention, sans réponse","Sûr de son choix"
"François Bayrou","Blanc,nul, abstention, sans réponse","Sûr de son choix"
"François Bayrou","Blanc,nul, abstention, sans réponse","Sûr de son choix"
"François Bayrou","Blanc,nul, abstention, sans réponse","Sûr de son choix"
"François Bayrou","Blanc,nul, abstention, sans réponse","Sûr de son choix"
"François Bayrou","Blanc,nul, abstention, sans réponse","Sûr de son choix"
"François Bayrou","Blanc,nul, abstention, sans réponse","Sûr de son choix"
"François Bayrou","Blanc,nul, abstention, sans réponse","Sûr de son choix"
"François Bayrou","Blanc,nul, abstention, sans réponse","Sûr de son choix"
"François Bayrou","Blanc,nul, abstention, sans réponse","Sûr de son choix"
"François Bayrou","Blanc,nul, abstention, sans réponse","Sûr de son choix"
"François Bayrou","Blanc,nul, abstention, sans réponse","Sûr de son choix"
"François Bayrou","Blanc,nul, abstention, sans réponse","Sûr de son choix"
"François Bayrou","Blanc,nul, abstention, sans réponse","Sûr de son choix"
"François Bayrou","Blanc,nul, abstention, sans réponse","Sûr de son choix"
"François Bayrou","Blanc,nul, abstention, sans réponse","Sûr de son choix"
"François Bayrou","François Hollande","Pourrait changer d avis"
"François Bayrou","François Hollande","Pourrait changer d avis"
"François Bayrou","François Hollande","Pourrait changer d avis"
"François Bayrou","François Hollande","Pourrait changer d avis"
"François Bayrou","François Hollande","Sûr de son choix"
"François Bayrou","François Hollande","Sûr de son choix"
"François Bayrou","François Hollande","Sûr de son choix"
"François Bayrou","François Hollande","Sûr de son choix"
"François Bayrou","François Hollande","Sûr de son choix"
"François Bayrou","François Hollande","Sûr de son choix"
"François Bayrou","François Hollande","Sûr de son choix"
"François Bayrou","François Hollande","Sûr de son choix"
"François Bayrou","François Hollande","Sûr de son choix"
"François Bayrou","François Hollande","Sûr de son choix"
"François Bayrou","François Hollande","Sûr de son choix"
"François Bayrou","François Hollande","Sûr de son choix"
"François Bayrou","François Hollande","Sûr de son choix"
"François Bayrou","François Hollande","Sûr de son choix"
"François Bayrou","François Hollande","Sûr de son choix"
"François Bayrou","François Hollande","Sûr de son choix"
"François Bayrou","François Hollande","Sûr de son choix"
"François Bayrou","François Hollande","Sûr de son choix"
"François Bayrou","François Hollande","Sûr de son choix"
"François Bayrou","François Hollande","Sûr de son choix"
"François Bayrou","François Hollande","Sûr de son choix"
"François Bayrou","François Hollande","Sûr de son choix"
"François Bayrou","François Hollande","Sûr de son choix"
"François Bayrou","François Hollande","Sûr de son choix"
"François Bayrou","François Hollande","Sûr de son choix"
"François Bayrou","François Hollande","Sûr de son choix"
"François Bayrou","François Hollande","Sûr de son choix"
"François Bayrou","François Hollande","Sûr de son choix"
"François Bayrou","Nicolas Sarkozy","Pourrait changer d avis"
"François Bayrou","Nicolas Sarkozy","Pourrait changer d avis"
"François Bayrou","Nicolas Sarkozy","Pourrait changer d avis"
"François Bayrou","Nicolas Sarkozy","Pourrait changer d avis"
"François Bayrou","Nicolas Sarkozy","Pourrait changer d avis"
"François Bayrou","Nicolas Sarkozy","Pourrait changer d avis"
"François Bayrou","Nicolas Sarkozy","Pourrait changer d avis"
"François Bayrou","Nicolas Sarkozy","Sûr de son choix"
"François Bayrou","Nicolas Sarkozy","Sûr de son choix"
"François Bayrou","Nicolas Sarkozy","Sûr de son choix"
"François Bayrou","Nicolas Sarkozy","Sûr de son choix"
"François Bayrou","Nicolas Sarkozy","Sûr de son choix"
"François Bayrou","Nicolas Sarkozy","Sûr de son choix"
"François Bayrou","Nicolas Sarkozy","Sûr de son choix"
"François Bayrou","Nicolas Sarkozy","Sûr de son choix"
"François Bayrou","Nicolas Sarkozy","Sûr de son choix"
"François Bayrou","Nicolas Sarkozy","Sûr de son choix"
"François Bayrou","Nicolas Sarkozy","Sûr de son choix"
"François Bayrou","Nicolas Sarkozy","Sûr de son choix"
"François Bayrou","Nicolas Sarkozy","Sûr de son choix"
"François Bayrou","Nicolas Sarkozy","Sûr de son choix"
"François Bayrou","Nicolas Sarkozy","Sûr de son choix"
"François Bayrou","Nicolas Sarkozy","Sûr de son choix"
"François Bayrou","Nicolas Sarkozy","Sûr de son choix"
"François Bayrou","Nicolas Sarkozy","Sûr de son choix"
"François Bayrou","Nicolas Sarkozy","Sûr de son choix"
"François Bayrou","Nicolas Sarkozy","Sûr de son choix"
"François Bayrou","Nicolas Sarkozy","Sûr de son choix"
"François Bayrou","Nicolas Sarkozy","Sûr de son choix"
"François Bayrou","Nicolas Sarkozy","Sûr de son choix"
"François Bayrou","Nicolas Sarkozy","Sûr de son choix"
"François Bayrou","Nicolas Sarkozy","Sûr de son choix"
"François Bayrou","Nicolas Sarkozy","Sûr de son choix"
"François Bayrou","Nicolas Sarkozy","Sûr de son choix"
"François Bayrou","Nicolas Sarkozy","Sûr de son choix"
"François Hollande","Blanc,nul, abstention, sans réponse","Pourrait changer d avis"
"François Hollande","Blanc,nul, abstention, sans réponse","Sans opinion"
"François Hollande","Blanc,nul, abstention, sans réponse","Sûr de son choix"
"François Hollande","Blanc,nul, abstention, sans réponse","Sûr de son choix"
"François Hollande","François Hollande","Pourrait changer d avis"
"François Hollande","François Hollande","Pourrait changer d avis"
"François Hollande","François Hollande","Pourrait changer d avis"
"François Hollande","François Hollande","Pourrait changer d avis"
"François Hollande","François Hollande","Pourrait changer d avis"
"François Hollande","François Hollande","Pourrait changer d avis"
"François Hollande","François Hollande","Pourrait changer d avis"
"François Hollande","François Hollande","Pourrait changer d avis"
"François Hollande","François Hollande","Pourrait changer d avis"
"François Hollande","François Hollande","Pourrait changer d avis"
"François Hollande","François Hollande","Pourrait changer d avis"
"François Hollande","François Hollande","Pourrait changer d avis"
"François Hollande","François Hollande","Pourrait changer d avis"
"François Hollande","François Hollande","Pourrait changer d avis"
"François Hollande","François Hollande","Sans opinion"
"François Hollande","François Hollande","Sûr de son choix"
"François Hollande","François Hollande","Sûr de son choix"
"François Hollande","François Hollande","Sûr de son choix"
"François Hollande","François Hollande","Sûr de son choix"
"François Hollande","François Hollande","Sûr de son choix"
"François Hollande","François Hollande","Sûr de son choix"
"François Hollande","François Hollande","Sûr de son choix"
"François Hollande","François Hollande","Sûr de son choix"
"François Hollande","François Hollande","Sûr de son choix"
"François Hollande","François Hollande","Sûr de son choix"
"François Hollande","François Hollande","Sûr de son choix"
"François Hollande","François Hollande","Sûr de son choix"
"François Hollande","François Hollande","Sûr de son choix"
"François Hollande","François Hollande","Sûr de son choix"
"François Hollande","François Hollande","Sûr de son choix"
"François Hollande","François Hollande","Sûr de son choix"
"François Hollande","François Hollande","Sûr de son choix"
"François Hollande","François Hollande","Sûr de son choix"
"François Hollande","François Hollande","Sûr de son choix"
"François Hollande","François Hollande","Sûr de son choix"
"François Hollande","François Hollande","Sûr de son choix"
"François Hollande","François Hollande","Sûr de son choix"
"François Hollande","François Hollande","Sûr de son choix"
"François Hollande","François Hollande","Sûr de son choix"
"François Hollande","François Hollande","Sûr de son choix"
"François Hollande","François Hollande","Sûr de son choix"
"François Hollande","François Hollande","Sûr de son choix"
"François Hollande","François Hollande","Sûr de son choix"
"François Hollande","François Hollande","Sûr de son choix"
"François Hollande","François Hollande","Sûr de son choix"
"François Hollande","François Hollande","Sûr de son choix"
"François Hollande","François Hollande","Sûr de son choix"
"François Hollande","François Hollande","Sûr de son choix"
"François Hollande","François Hollande","Sûr de son choix"
"François Hollande","François Hollande","Sûr de son choix"
"François Hollande","François Hollande","Sûr de son choix"
"François Hollande","François Hollande","Sûr de son choix"
"François Hollande","François Hollande","Sûr de son choix"
"François Hollande","François Hollande","Sûr de son choix"
"François Hollande","François Hollande","Sûr de son choix"
"François Hollande","François Hollande","Sûr de son choix"
"François Hollande","François Hollande","Sûr de son choix"
"François Hollande","François Hollande","Sûr de son choix"
"François Hollande","François Hollande","Sûr de son choix"
"François Hollande","François Hollande","Sûr de son choix"
"François Hollande","François Hollande","Sûr de son choix"
"François Hollande","François Hollande","Sûr de son choix"
"François Hollande","François Hollande","Sûr de son choix"
"François Hollande","François Hollande","Sûr de son choix"
"François Hollande","François Hollande","Sûr de son choix"
"François Hollande","François Hollande","Sûr de son choix"
"François Hollande","François Hollande","Sûr de son choix"
"François Hollande","François Hollande","Sûr de son choix"
"François Hollande","François Hollande","Sûr de son choix"
"François Hollande","François Hollande","Sûr de son choix"
"François Hollande","François Hollande","Sûr de son choix"
"François Hollande","François Hollande","Sûr de son choix"
"François Hollande","François Hollande","Sûr de son choix"
"François Hollande","François Hollande","Sûr de son choix"
"François Hollande","François Hollande","Sûr de son choix"
"François Hollande","François Hollande","Sûr de son choix"
"François Hollande","François Hollande","Sûr de son choix"
"François Hollande","François Hollande","Sûr de son choix"
"François Hollande","François Hollande","Sûr de son choix"
"François Hollande","François Hollande","Sûr de son choix"
"François Hollande","François Hollande","Sûr de son choix"
"François Hollande","François Hollande","Sûr de son choix"
"François Hollande","François Hollande","Sûr de son choix"
"François Hollande","François Hollande","Sûr de son choix"
"François Hollande","François Hollande","Sûr de son choix"
"François Hollande","François Hollande","Sûr de son choix"
"François Hollande","François Hollande","Sûr de son choix"
"François Hollande","François Hollande","Sûr de son choix"
"François Hollande","François Hollande","Sûr de son choix"
"François Hollande","François Hollande","Sûr de son choix"
"François Hollande","François Hollande","Sûr de son choix"
"François Hollande","François Hollande","Sûr de son choix"
"François Hollande","François Hollande","Sûr de son choix"
"François Hollande","François Hollande","Sûr de son choix"
"François Hollande","François Hollande","Sûr de son choix"
"François Hollande","François Hollande","Sûr de son choix"
"François Hollande","François Hollande","Sûr de son choix"
"François Hollande","François Hollande","Sûr de son choix"
"François Hollande","François Hollande","Sûr de son choix"
"François Hollande","François Hollande","Sûr de son choix"
"François Hollande","François Hollande","Sûr de son choix"
"François Hollande","François Hollande","Sûr de son choix"
"François Hollande","François Hollande","Sûr de son choix"
"François Hollande","François Hollande","Sûr de son choix"
"François Hollande","François Hollande","Sûr de son choix"
"François Hollande","François Hollande","Sûr de son choix"
"François Hollande","François Hollande","Sûr de son choix"
"François Hollande","François Hollande","Sûr de son choix"
"François Hollande","François Hollande","Sûr de son choix"
"François Hollande","François Hollande","Sûr de son choix"
"François Hollande","François Hollande","Sûr de son choix"
"François Hollande","François Hollande","Sûr de son choix"
"François Hollande","François Hollande","Sûr de son choix"
"François Hollande","François Hollande","Sûr de son choix"
"François Hollande","François Hollande","Sûr de son choix"
"François Hollande","François Hollande","Sûr de son choix"
"François Hollande","François Hollande","Sûr de son choix"
"François Hollande","François Hollande","Sûr de son choix"
"François Hollande","François Hollande","Sûr de son choix"
"François Hollande","François Hollande","Sûr de son choix"
"François Hollande","François Hollande","Sûr de son choix"
"François Hollande","François Hollande","Sûr de son choix"
"François Hollande","François Hollande","Sûr de son choix"
"François Hollande","François Hollande","Sûr de son choix"
"François Hollande","François Hollande","Sûr de son choix"
"François Hollande","François Hollande","Sûr de son choix"
"François Hollande","François Hollande","Sûr de son choix"
"François Hollande","François Hollande","Sûr de son choix"
"François Hollande","François Hollande","Sûr de son choix"
"François Hollande","François Hollande","Sûr de son choix"
"François Hollande","François Hollande","Sûr de son choix"
"François Hollande","François Hollande","Sûr de son choix"
"François Hollande","François Hollande","Sûr de son choix"
"François Hollande","François Hollande","Sûr de son choix"
"François Hollande","François Hollande","Sûr de son choix"
"François Hollande","François Hollande","Sûr de son choix"
"François Hollande","François Hollande","Sûr de son choix"
"François Hollande","François Hollande","Sûr de son choix"
"François Hollande","François Hollande","Sûr de son choix"
"François Hollande","François Hollande","Sûr de son choix"
"François Hollande","François Hollande","Sûr de son choix"
"François Hollande","François Hollande","Sûr de son choix"
"François Hollande","François Hollande","Sûr de son choix"
"François Hollande","François Hollande","Sûr de son choix"
"François Hollande","François Hollande","Sûr de son choix"
"François Hollande","François Hollande","Sûr de son choix"
"François Hollande","François Hollande","Sûr de son choix"
"François Hollande","François Hollande","Sûr de son choix"
"François Hollande","François Hollande","Sûr de son choix"
"François Hollande","François Hollande","Sûr de son choix"
"François Hollande","François Hollande","Sûr de son choix"
"François Hollande","François Hollande","Sûr de son choix"
"François Hollande","François Hollande","Sûr de son choix"
"François Hollande","François Hollande","Sûr de son choix"
"François Hollande","François Hollande","Sûr de son choix"
"François Hollande","François Hollande","Sûr de son choix"
"François Hollande","François Hollande","Sûr de son choix"
"François Hollande","François Hollande","Sûr de son choix"
"François Hollande","François Hollande","Sûr de son choix"
"François Hollande","François Hollande","Sûr de son choix"
"François Hollande","François Hollande","Sûr de son choix"
"François Hollande","François Hollande","Sûr de son choix"
"François Hollande","François Hollande","Sûr de son choix"
"François Hollande","François Hollande","Sûr de son choix"
"François Hollande","François Hollande","Sûr de son choix"
"François Hollande","François Hollande","Sûr de son choix"
"François Hollande","François Hollande","Sûr de son choix"
"François Hollande","François Hollande","Sûr de son choix"
"François Hollande","François Hollande","Sûr de son choix"
"François Hollande","François Hollande","Sûr de son choix"
"François Hollande","François Hollande","Sûr de son choix"
"François Hollande","François Hollande","Sûr de son choix"
"François Hollande","François Hollande","Sûr de son choix"
"François Hollande","François Hollande","Sûr de son choix"
"François Hollande","François Hollande","Sûr de son choix"
"François Hollande","François Hollande","Sûr de son choix"
"François Hollande","François Hollande","Sûr de son choix"
"François Hollande","François Hollande","Sûr de son choix"
"François Hollande","François Hollande","Sûr de son choix"
"François Hollande","François Hollande","Sûr de son choix"
"François Hollande","François Hollande","Sûr de son choix"
"François Hollande","François Hollande","Sûr de son choix"
"François Hollande","François Hollande","Sûr de son choix"
"François Hollande","François Hollande","Sûr de son choix"
"François Hollande","François Hollande","Sûr de son choix"
"François Hollande","François Hollande","Sûr de son choix"
"François Hollande","François Hollande","Sûr de son choix"
"François Hollande","François Hollande","Sûr de son choix"
"François Hollande","François Hollande","Sûr de son choix"
"François Hollande","François Hollande","Sûr de son choix"
"François Hollande","François Hollande","Sûr de son choix"
"François Hollande","François Hollande","Sûr de son choix"
"François Hollande","François Hollande","Sûr de son choix"
"François Hollande","François Hollande","Sûr de son choix"
"François Hollande","François Hollande","Sûr de son choix"
"François Hollande","François Hollande","Sûr de son choix"
"François Hollande","François Hollande","Sûr de son choix"
"François Hollande","François Hollande","Sûr de son choix"
"François Hollande","François Hollande","Sûr de son choix"
"François Hollande","François Hollande","Sûr de son choix"
"François Hollande","François Hollande","Sûr de son choix"
"François Hollande","François Hollande","Sûr de son choix"
"François Hollande","François Hollande","Sûr de son choix"
"François Hollande","François Hollande","Sûr de son choix"
"François Hollande","François Hollande","Sûr de son choix"
"François Hollande","François Hollande","Sûr de son choix"
"François Hollande","François Hollande","Sûr de son choix"
"François Hollande","François Hollande","Sûr de son choix"
"François Hollande","François Hollande","Sûr de son choix"
"François Hollande","François Hollande","Sûr de son choix"
"François Hollande","François Hollande","Sûr de son choix"
"François Hollande","François Hollande","Sûr de son choix"
"François Hollande","François Hollande","Sûr de son choix"
"François Hollande","François Hollande","Sûr de son choix"
"François Hollande","François Hollande","Sûr de son choix"
"François Hollande","François Hollande","Sûr de son choix"
"François Hollande","François Hollande","Sûr de son choix"
"François Hollande","François Hollande","Sûr de son choix"
"François Hollande","François Hollande","Sûr de son choix"
"François Hollande","François Hollande","Sûr de son choix"
"François Hollande","François Hollande","Sûr de son choix"
"François Hollande","François Hollande","Sûr de son choix"
"François Hollande","François Hollande","Sûr de son choix"
"François Hollande","François Hollande","Sûr de son choix"
"François Hollande","François Hollande","Sûr de son choix"
"François Hollande","François Hollande","Sûr de son choix"
"François Hollande","François Hollande","Sûr de son choix"
"François Hollande","François Hollande","Sûr de son choix"
"François Hollande","François Hollande","Sûr de son choix"
"François Hollande","François Hollande","Sûr de son choix"
"François Hollande","François Hollande","Sûr de son choix"
"François Hollande","François Hollande","Sûr de son choix"
"François Hollande","François Hollande","Sûr de son choix"
"François Hollande","François Hollande","Sûr de son choix"
"François Hollande","François Hollande","Sûr de son choix"
"François Hollande","François Hollande","Sûr de son choix"
"François Hollande","François Hollande","Sûr de son choix"
"François Hollande","François Hollande","Sûr de son choix"
"François Hollande","François Hollande","Sûr de son choix"
"François Hollande","François Hollande","Sûr de son choix"
"François Hollande","François Hollande","Sûr de son choix"
"François Hollande","François Hollande","Sûr de son choix"
"François Hollande","François Hollande","Sûr de son choix"
"François Hollande","François Hollande","Sûr de son choix"
"François Hollande","François Hollande","Sûr de son choix"
"François Hollande","François Hollande","Sûr de son choix"
"François Hollande","François Hollande","Sûr de son choix"
"François Hollande","François Hollande","Sûr de son choix"
"François Hollande","François Hollande","Sûr de son choix"
"François Hollande","François Hollande","Sûr de son choix"
"François Hollande","François Hollande","Sûr de son choix"
"François Hollande","François Hollande","Sûr de son choix"
"François Hollande","François Hollande","Sûr de son choix"
"François Hollande","François Hollande","Sûr de son choix"
"François Hollande","François Hollande","Sûr de son choix"
"François Hollande","François Hollande","Sûr de son choix"
"François Hollande","François Hollande","Sûr de son choix"
"François Hollande","François Hollande","Sûr de son choix"
"François Hollande","François Hollande","Sûr de son choix"
"François Hollande","François Hollande","Sûr de son choix"
"François Hollande","François Hollande","Sûr de son choix"
"François Hollande","François Hollande","Sûr de son choix"
"François Hollande","François Hollande","Sûr de son choix"
"François Hollande","François Hollande","Sûr de son choix"
"François Hollande","François Hollande","Sûr de son choix"
"François Hollande","François Hollande","Sûr de son choix"
"François Hollande","François Hollande","Sûr de son choix"
"François Hollande","François Hollande","Sûr de son choix"
"François Hollande","François Hollande","Sûr de son choix"
"François Hollande","François Hollande","Sûr de son choix"
"François Hollande","François Hollande","Sûr de son choix"
"François Hollande","François Hollande","Sûr de son choix"
"François Hollande","François Hollande","Sûr de son choix"
"François Hollande","François Hollande","Sûr de son choix"
"François Hollande","François Hollande","Sûr de son choix"
"François Hollande","François Hollande","Sûr de son choix"
"François Hollande","François Hollande","Sûr de son choix"
"François Hollande","François Hollande","Sûr de son choix"
"François Hollande","François Hollande","Sûr de son choix"
"François Hollande","François Hollande","Sûr de son choix"
"François Hollande","François Hollande","Sûr de son choix"
"François Hollande","François Hollande","Sûr de son choix"
"François Hollande","François Hollande","Sûr de son choix"
"François Hollande","François Hollande","Sûr de son choix"
"François Hollande","François Hollande","Sûr de son choix"
"François Hollande","François Hollande","Sûr de son choix"
"François Hollande","François Hollande","Sûr de son choix"
"François Hollande","François Hollande","Sûr de son choix"
"François Hollande","François Hollande","Sûr de son choix"
"François Hollande","François Hollande","Sûr de son choix"
"François Hollande","François Hollande","Sûr de son choix"
"François Hollande","François Hollande","Sûr de son choix"
"François Hollande","François Hollande","Sûr de son choix"
"François Hollande","François Hollande","Sûr de son choix"
"François Hollande","François Hollande","Sûr de son choix"
"François Hollande","François Hollande","Sûr de son choix"
"François Hollande","François Hollande","Sûr de son choix"
"François Hollande","François Hollande","Sûr de son choix"
"François Hollande","François Hollande","Sûr de son choix"
"François Hollande","François Hollande","Sûr de son choix"
"François Hollande","François Hollande","Sûr de son choix"
"François Hollande","François Hollande","Sûr de son choix"
"François Hollande","François Hollande","Sûr de son choix"
"François Hollande","François Hollande","Sûr de son choix"
"François Hollande","François Hollande","Sûr de son choix"
"François Hollande","François Hollande","Sûr de son choix"
"François Hollande","François Hollande","Sûr de son choix"
"François Hollande","François Hollande","Sûr de son choix"
"François Hollande","François Hollande","Sûr de son choix"
"François Hollande","François Hollande","Sûr de son choix"
"François Hollande","François Hollande","Sûr de son choix"
"François Hollande","François Hollande","Sûr de son choix"
"François Hollande","François Hollande","Sûr de son choix"
"François Hollande","François Hollande","Sûr de son choix"
"François Hollande","François Hollande","Sûr de son choix"
"François Hollande","François Hollande","Sûr de son choix"
"François Hollande","François Hollande","Sûr de son choix"
"François Hollande","François Hollande","Sûr de son choix"
"François Hollande","François Hollande","Sûr de son choix"
"François Hollande","François Hollande","Sûr de son choix"
"François Hollande","François Hollande","Sûr de son choix"
"François Hollande","François Hollande","Sûr de son choix"
"François Hollande","François Hollande","Sûr de son choix"
"François Hollande","François Hollande","Sûr de son choix"
"François Hollande","François Hollande","Sûr de son choix"
"François Hollande","François Hollande","Sûr de son choix"
"François Hollande","François Hollande","Sûr de son choix"
"François Hollande","François Hollande","Sûr de son choix"
"François Hollande","François Hollande","Sûr de son choix"
"François Hollande","François Hollande","Sûr de son choix"
"François Hollande","François Hollande","Sûr de son choix"
"François Hollande","François Hollande","Sûr de son choix"
"François Hollande","François Hollande","Sûr de son choix"
"François Hollande","François Hollande","Sûr de son choix"
"François Hollande","François Hollande","Sûr de son choix"
"François Hollande","François Hollande","Sûr de son choix"
"François Hollande","François Hollande","Sûr de son choix"
"François Hollande","François Hollande","Sûr de son choix"
"François Hollande","François Hollande","Sûr de son choix"
"François Hollande","François Hollande","Sûr de son choix"
"François Hollande","François Hollande","Sûr de son choix"
"François Hollande","François Hollande","Sûr de son choix"
"François Hollande","François Hollande","Sûr de son choix"
"François Hollande","François Hollande","Sûr de son choix"
"François Hollande","François Hollande","Sûr de son choix"
"François Hollande","François Hollande","Sûr de son choix"
"François Hollande","François Hollande","Sûr de son choix"
"François Hollande","François Hollande","Sûr de son choix"
"François Hollande","François Hollande","Sûr de son choix"
"François Hollande","François Hollande","Sûr de son choix"
"François Hollande","François Hollande","Sûr de son choix"
"François Hollande","François Hollande","Sûr de son choix"
"François Hollande","François Hollande","Sûr de son choix"
"François Hollande","François Hollande","Sûr de son choix"
"François Hollande","François Hollande","Sûr de son choix"
"François Hollande","François Hollande","Sûr de son choix"
"François Hollande","François Hollande","Sûr de son choix"
"François Hollande","François Hollande","Sûr de son choix"
"François Hollande","François Hollande","Sûr de son choix"
"François Hollande","François Hollande","Sûr de son choix"
"François Hollande","François Hollande","Sûr de son choix"
"François Hollande","François Hollande","Sûr de son choix"
"François Hollande","François Hollande","Sûr de son choix"
"François Hollande","François Hollande","Sûr de son choix"
"François Hollande","Nicolas Sarkozy","Sûr de son choix"
"Jean-Luc Mélenchon","Blanc,nul, abstention, sans réponse","Pourrait changer d avis"
"Jean-Luc Mélenchon","Blanc,nul, abstention, sans réponse","Pourrait changer d avis"
"Jean-Luc Mélenchon","Blanc,nul, abstention, sans réponse","Pourrait changer d avis"
"Jean-Luc Mélenchon","Blanc,nul, abstention, sans réponse","Sans opinion"
"Jean-Luc Mélenchon","Blanc,nul, abstention, sans réponse","Sans opinion"
"Jean-Luc Mélenchon","Blanc,nul, abstention, sans réponse","Sûr de son choix"
"Jean-Luc Mélenchon","Blanc,nul, abstention, sans réponse","Sûr de son choix"
"Jean-Luc Mélenchon","Blanc,nul, abstention, sans réponse","Sûr de son choix"
"Jean-Luc Mélenchon","Blanc,nul, abstention, sans réponse","Sûr de son choix"
"Jean-Luc Mélenchon","Blanc,nul, abstention, sans réponse","Sûr de son choix"
"Jean-Luc Mélenchon","Blanc,nul, abstention, sans réponse","Sûr de son choix"
"Jean-Luc Mélenchon","Blanc,nul, abstention, sans réponse","Sûr de son choix"
"Jean-Luc Mélenchon","Blanc,nul, abstention, sans réponse","Sûr de son choix"
"Jean-Luc Mélenchon","Blanc,nul, abstention, sans réponse","Sûr de son choix"
"Jean-Luc Mélenchon","Blanc,nul, abstention, sans réponse","Sûr de son choix"
"Jean-Luc Mélenchon","Blanc,nul, abstention, sans réponse","Sûr de son choix"
"Jean-Luc Mélenchon","François Hollande","Pourrait changer d avis"
"Jean-Luc Mélenchon","François Hollande","Pourrait changer d avis"
"Jean-Luc Mélenchon","François Hollande","Pourrait changer d avis"
"Jean-Luc Mélenchon","François Hollande","Pourrait changer d avis"
"Jean-Luc Mélenchon","François Hollande","Pourrait changer d avis"
"Jean-Luc Mélenchon","François Hollande","Sûr de son choix"
"Jean-Luc Mélenchon","François Hollande","Sûr de son choix"
"Jean-Luc Mélenchon","François Hollande","Sûr de son choix"
"Jean-Luc Mélenchon","François Hollande","Sûr de son choix"
"Jean-Luc Mélenchon","François Hollande","Sûr de son choix"
"Jean-Luc Mélenchon","François Hollande","Sûr de son choix"
"Jean-Luc Mélenchon","François Hollande","Sûr de son choix"
"Jean-Luc Mélenchon","François Hollande","Sûr de son choix"
"Jean-Luc Mélenchon","François Hollande","Sûr de son choix"
"Jean-Luc Mélenchon","François Hollande","Sûr de son choix"
"Jean-Luc Mélenchon","François Hollande","Sûr de son choix"
"Jean-Luc Mélenchon","François Hollande","Sûr de son choix"
"Jean-Luc Mélenchon","François Hollande","Sûr de son choix"
"Jean-Luc Mélenchon","François Hollande","Sûr de son choix"
"Jean-Luc Mélenchon","François Hollande","Sûr de son choix"
"Jean-Luc Mélenchon","François Hollande","Sûr de son choix"
"Jean-Luc Mélenchon","François Hollande","Sûr de son choix"
"Jean-Luc Mélenchon","François Hollande","Sûr de son choix"
"Jean-Luc Mélenchon","François Hollande","Sûr de son choix"
"Jean-Luc Mélenchon","François Hollande","Sûr de son choix"
"Jean-Luc Mélenchon","François Hollande","Sûr de son choix"
"Jean-Luc Mélenchon","François Hollande","Sûr de son choix"
"Jean-Luc Mélenchon","François Hollande","Sûr de son choix"
"Jean-Luc Mélenchon","François Hollande","Sûr de son choix"
"Jean-Luc Mélenchon","François Hollande","Sûr de son choix"
"Jean-Luc Mélenchon","François Hollande","Sûr de son choix"
"Jean-Luc Mélenchon","François Hollande","Sûr de son choix"
"Jean-Luc Mélenchon","François Hollande","Sûr de son choix"
"Jean-Luc Mélenchon","François Hollande","Sûr de son choix"
"Jean-Luc Mélenchon","François Hollande","Sûr de son choix"
"Jean-Luc Mélenchon","François Hollande","Sûr de son choix"
"Jean-Luc Mélenchon","François Hollande","Sûr de son choix"
"Jean-Luc Mélenchon","François Hollande","Sûr de son choix"
"Jean-Luc Mélenchon","François Hollande","Sûr de son choix"
"Jean-Luc Mélenchon","François Hollande","Sûr de son choix"
"Jean-Luc Mélenchon","François Hollande","Sûr de son choix"
"Jean-Luc Mélenchon","François Hollande","Sûr de son choix"
"Jean-Luc Mélenchon","François Hollande","Sûr de son choix"
"Jean-Luc Mélenchon","François Hollande","Sûr de son choix"
"Jean-Luc Mélenchon","François Hollande","Sûr de son choix"
"Jean-Luc Mélenchon","François Hollande","Sûr de son choix"
"Jean-Luc Mélenchon","François Hollande","Sûr de son choix"
"Jean-Luc Mélenchon","François Hollande","Sûr de son choix"
"Jean-Luc Mélenchon","François Hollande","Sûr de son choix"
"Jean-Luc Mélenchon","François Hollande","Sûr de son choix"
"Jean-Luc Mélenchon","François Hollande","Sûr de son choix"
"Jean-Luc Mélenchon","François Hollande","Sûr de son choix"
"Jean-Luc Mélenchon","François Hollande","Sûr de son choix"
"Jean-Luc Mélenchon","François Hollande","Sûr de son choix"
"Jean-Luc Mélenchon","François Hollande","Sûr de son choix"
"Jean-Luc Mélenchon","François Hollande","Sûr de son choix"
"Jean-Luc Mélenchon","François Hollande","Sûr de son choix"
"Jean-Luc Mélenchon","François Hollande","Sûr de son choix"
"Jean-Luc Mélenchon","François Hollande","Sûr de son choix"
"Jean-Luc Mélenchon","François Hollande","Sûr de son choix"
"Jean-Luc Mélenchon","François Hollande","Sûr de son choix"
"Jean-Luc Mélenchon","François Hollande","Sûr de son choix"
"Jean-Luc Mélenchon","François Hollande","Sûr de son choix"
"Jean-Luc Mélenchon","François Hollande","Sûr de son choix"
"Jean-Luc Mélenchon","François Hollande","Sûr de son choix"
"Jean-Luc Mélenchon","François Hollande","Sûr de son choix"
"Jean-Luc Mélenchon","François Hollande","Sûr de son choix"
"Jean-Luc Mélenchon","François Hollande","Sûr de son choix"
"Jean-Luc Mélenchon","François Hollande","Sûr de son choix"
"Jean-Luc Mélenchon","François Hollande","Sûr de son choix"
"Jean-Luc Mélenchon","François Hollande","Sûr de son choix"
"Jean-Luc Mélenchon","François Hollande","Sûr de son choix"
"Jean-Luc Mélenchon","François Hollande","Sûr de son choix"
"Jean-Luc Mélenchon","François Hollande","Sûr de son choix"
"Jean-Luc Mélenchon","François Hollande","Sûr de son choix"
"Jean-Luc Mélenchon","François Hollande","Sûr de son choix"
"Jean-Luc Mélenchon","François Hollande","Sûr de son choix"
"Jean-Luc Mélenchon","François Hollande","Sûr de son choix"
"Jean-Luc Mélenchon","François Hollande","Sûr de son choix"
"Jean-Luc Mélenchon","François Hollande","Sûr de son choix"
"Jean-Luc Mélenchon","François Hollande","Sûr de son choix"
"Jean-Luc Mélenchon","François Hollande","Sûr de son choix"
"Jean-Luc Mélenchon","François Hollande","Sûr de son choix"
"Jean-Luc Mélenchon","François Hollande","Sûr de son choix"
"Jean-Luc Mélenchon","François Hollande","Sûr de son choix"
"Jean-Luc Mélenchon","François Hollande","Sûr de son choix"
"Jean-Luc Mélenchon","François Hollande","Sûr de son choix"
"Jean-Luc Mélenchon","François Hollande","Sûr de son choix"
"Jean-Luc Mélenchon","François Hollande","Sûr de son choix"
"Jean-Luc Mélenchon","François Hollande","Sûr de son choix"
"Jean-Luc Mélenchon","François Hollande","Sûr de son choix"
"Jean-Luc Mélenchon","François Hollande","Sûr de son choix"
"Jean-Luc Mélenchon","François Hollande","Sûr de son choix"
"Jean-Luc Mélenchon","François Hollande","Sûr de son choix"
"Jean-Luc Mélenchon","François Hollande","Sûr de son choix"
"Jean-Luc Mélenchon","François Hollande","Sûr de son choix"
"Jean-Luc Mélenchon","François Hollande","Sûr de son choix"
"Jean-Luc Mélenchon","François Hollande","Sûr de son choix"
"Jean-Luc Mélenchon","François Hollande","Sûr de son choix"
"Jean-Luc Mélenchon","François Hollande","Sûr de son choix"
"Jean-Luc Mélenchon","François Hollande","Sûr de son choix"
"Jean-Luc Mélenchon","François Hollande","Sûr de son choix"
"Jean-Luc Mélenchon","François Hollande","Sûr de son choix"
"Jean-Luc Mélenchon","François Hollande","Sûr de son choix"
"Jean-Luc Mélenchon","François Hollande","Sûr de son choix"
"Jean-Luc Mélenchon","François Hollande","Sûr de son choix"
"Jean-Luc Mélenchon","François Hollande","Sûr de son choix"
"Jean-Luc Mélenchon","François Hollande","Sûr de son choix"
"Jean-Luc Mélenchon","François Hollande","Sûr de son choix"
"Jean-Luc Mélenchon","François Hollande","Sûr de son choix"
"Jean-Luc Mélenchon","François Hollande","Sûr de son choix"
"Jean-Luc Mélenchon","François Hollande","Sûr de son choix"
"Jean-Luc Mélenchon","François Hollande","Sûr de son choix"
"Jean-Luc Mélenchon","François Hollande","Sûr de son choix"
"Jean-Luc Mélenchon","François Hollande","Sûr de son choix"
"Jean-Luc Mélenchon","François Hollande","Sûr de son choix"
"Jean-Luc Mélenchon","François Hollande","Sûr de son choix"
"Jean-Luc Mélenchon","François Hollande","Sûr de son choix"
"Jean-Luc Mélenchon","Nicolas Sarkozy","Pourrait changer d avis"
"Jean-Luc Mélenchon","Nicolas Sarkozy","Sûr de son choix"
"Jean-Luc Mélenchon","Nicolas Sarkozy","Sûr de son choix"
"Jean-Luc Mélenchon","Nicolas Sarkozy","Sûr de son choix"
"Jean-Luc Mélenchon","Nicolas Sarkozy","Sûr de son choix"
"Marine Le Pen","Blanc,nul, abstention, sans réponse","Pourrait changer d avis"
"Marine Le Pen","Blanc,nul, abstention, sans réponse","Pourrait changer d avis"
"Marine Le Pen","Blanc,nul, abstention, sans réponse","Pourrait changer d avis"
"Marine Le Pen","Blanc,nul, abstention, sans réponse","Pourrait changer d avis"
"Marine Le Pen","Blanc,nul, abstention, sans réponse","Sans opinion"
"Marine Le Pen","Blanc,nul, abstention, sans réponse","Sûr de son choix"
"Marine Le Pen","Blanc,nul, abstention, sans réponse","Sûr de son choix"
"Marine Le Pen","Blanc,nul, abstention, sans réponse","Sûr de son choix"
"Marine Le Pen","Blanc,nul, abstention, sans réponse","Sûr de son choix"
"Marine Le Pen","Blanc,nul, abstention, sans réponse","Sûr de son choix"
"Marine Le Pen","Blanc,nul, abstention, sans réponse","Sûr de son choix"
"Marine Le Pen","Blanc,nul, abstention, sans réponse","Sûr de son choix"
"Marine Le Pen","Blanc,nul, abstention, sans réponse","Sûr de son choix"
"Marine Le Pen","Blanc,nul, abstention, sans réponse","Sûr de son choix"
"Marine Le Pen","Blanc,nul, abstention, sans réponse","Sûr de son choix"
"Marine Le Pen","Blanc,nul, abstention, sans réponse","Sûr de son choix"
"Marine Le Pen","Blanc,nul, abstention, sans réponse","Sûr de son choix"
"Marine Le Pen","Blanc,nul, abstention, sans réponse","Sûr de son choix"
"Marine Le Pen","Blanc,nul, abstention, sans réponse","Sûr de son choix"
"Marine Le Pen","Blanc,nul, abstention, sans réponse","Sûr de son choix"
"Marine Le Pen","Blanc,nul, abstention, sans réponse","Sûr de son choix"
"Marine Le Pen","Blanc,nul, abstention, sans réponse","Sûr de son choix"
"Marine Le Pen","Blanc,nul, abstention, sans réponse","Sûr de son choix"
"Marine Le Pen","Blanc,nul, abstention, sans réponse","Sûr de son choix"
"Marine Le Pen","Blanc,nul, abstention, sans réponse","Sûr de son choix"
"Marine Le Pen","Blanc,nul, abstention, sans réponse","Sûr de son choix"
"Marine Le Pen","Blanc,nul, abstention, sans réponse","Sûr de son choix"
"Marine Le Pen","Blanc,nul, abstention, sans réponse","Sûr de son choix"
"Marine Le Pen","Blanc,nul, abstention, sans réponse","Sûr de son choix"
"Marine Le Pen","François Hollande","Pourrait changer d avis"
"Marine Le Pen","François Hollande","Pourrait changer d avis"
"Marine Le Pen","François Hollande","Pourrait changer d avis"
"Marine Le Pen","François Hollande","Pourrait changer d avis"
"Marine Le Pen","François Hollande","Pourrait changer d avis"
"Marine Le Pen","François Hollande","Sans opinion"
"Marine Le Pen","François Hollande","Sûr de son choix"
"Marine Le Pen","François Hollande","Sûr de son choix"
"Marine Le Pen","François Hollande","Sûr de son choix"
"Marine Le Pen","François Hollande","Sûr de son choix"
"Marine Le Pen","François Hollande","Sûr de son choix"
"Marine Le Pen","François Hollande","Sûr de son choix"
"Marine Le Pen","François Hollande","Sûr de son choix"
"Marine Le Pen","François Hollande","Sûr de son choix"
"Marine Le Pen","François Hollande","Sûr de son choix"
"Marine Le Pen","François Hollande","Sûr de son choix"
"Marine Le Pen","François Hollande","Sûr de son choix"
"Marine Le Pen","François Hollande","Sûr de son choix"
"Marine Le Pen","François Hollande","Sûr de son choix"
"Marine Le Pen","François Hollande","Sûr de son choix"
"Marine Le Pen","François Hollande","Sûr de son choix"
"Marine Le Pen","François Hollande","Sûr de son choix"
"Marine Le Pen","François Hollande","Sûr de son choix"
"Marine Le Pen","François Hollande","Sûr de son choix"
"Marine Le Pen","François Hollande","Sûr de son choix"
"Marine Le Pen","François Hollande","Sûr de son choix"
"Marine Le Pen","François Hollande","Sûr de son choix"
"Marine Le Pen","François Hollande","Sûr de son choix"
"Marine Le Pen","François Hollande","Sûr de son choix"
"Marine Le Pen","François Hollande","Sûr de son choix"
"Marine Le Pen","François Hollande","Sûr de son choix"
"Marine Le Pen","François Hollande","Sûr de son choix"
"Marine Le Pen","François Hollande","Sûr de son choix"
"Marine Le Pen","Nicolas Sarkozy","Pourrait changer d avis"
"Marine Le Pen","Nicolas Sarkozy","Pourrait changer d avis"
"Marine Le Pen","Nicolas Sarkozy","Sûr de son choix"
"Marine Le Pen","Nicolas Sarkozy","Sûr de son choix"
"Marine Le Pen","Nicolas Sarkozy","Sûr de son choix"
"Marine Le Pen","Nicolas Sarkozy","Sûr de son choix"
"Marine Le Pen","Nicolas Sarkozy","Sûr de son choix"
"Marine Le Pen","Nicolas Sarkozy","Sûr de son choix"
"Marine Le Pen","Nicolas Sarkozy","Sûr de son choix"
"Marine Le Pen","Nicolas Sarkozy","Sûr de son choix"
"Marine Le Pen","Nicolas Sarkozy","Sûr de son choix"
"Marine Le Pen","Nicolas Sarkozy","Sûr de son choix"
"Marine Le Pen","Nicolas Sarkozy","Sûr de son choix"
"Marine Le Pen","Nicolas Sarkozy","Sûr de son choix"
"Marine Le Pen","Nicolas Sarkozy","Sûr de son choix"
"Marine Le Pen","Nicolas Sarkozy","Sûr de son choix"
"Marine Le Pen","Nicolas Sarkozy","Sûr de son choix"
"Marine Le Pen","Nicolas Sarkozy","Sûr de son choix"
"Marine Le Pen","Nicolas Sarkozy","Sûr de son choix"
"Marine Le Pen","Nicolas Sarkozy","Sûr de son choix"
"Marine Le Pen","Nicolas Sarkozy","Sûr de son choix"
"Marine Le Pen","Nicolas Sarkozy","Sûr de son choix"
"Marine Le Pen","Nicolas Sarkozy","Sûr de son choix"
"Marine Le Pen","Nicolas Sarkozy","Sûr de son choix"
"Marine Le Pen","Nicolas Sarkozy","Sûr de son choix"
"Marine Le Pen","Nicolas Sarkozy","Sûr de son choix"
"Marine Le Pen","Nicolas Sarkozy","Sûr de son choix"
"Marine Le Pen","Nicolas Sarkozy","Sûr de son choix"
"Marine Le Pen","Nicolas Sarkozy","Sûr de son choix"
"Marine Le Pen","Nicolas Sarkozy","Sûr de son choix"
"Marine Le Pen","Nicolas Sarkozy","Sûr de son choix"
"Marine Le Pen","Nicolas Sarkozy","Sûr de son choix"
"Marine Le Pen","Nicolas Sarkozy","Sûr de son choix"
"Marine Le Pen","Nicolas Sarkozy","Sûr de son choix"
"Marine Le Pen","Nicolas Sarkozy","Sûr de son choix"
"Marine Le Pen","Nicolas Sarkozy","Sûr de son choix"
"Marine Le Pen","Nicolas Sarkozy","Sûr de son choix"
"Marine Le Pen","Nicolas Sarkozy","Sûr de son choix"
"Marine Le Pen","Nicolas Sarkozy","Sûr de son choix"
"Marine Le Pen","Nicolas Sarkozy","Sûr de son choix"
"Marine Le Pen","Nicolas Sarkozy","Sûr de son choix"
"Marine Le Pen","Nicolas Sarkozy","Sûr de son choix"
"Marine Le Pen","Nicolas Sarkozy","Sûr de son choix"
"Marine Le Pen","Nicolas Sarkozy","Sûr de son choix"
"Marine Le Pen","Nicolas Sarkozy","Sûr de son choix"
"Marine Le Pen","Nicolas Sarkozy","Sûr de son choix"
"Marine Le Pen","Nicolas Sarkozy","Sûr de son choix"
"Marine Le Pen","Nicolas Sarkozy","Sûr de son choix"
"Marine Le Pen","Nicolas Sarkozy","Sûr de son choix"
"NA","Blanc,nul, abstention, sans réponse","Pourrait changer d avis"
"NA","Blanc,nul, abstention, sans réponse","Pourrait changer d avis"
"NA","Blanc,nul, abstention, sans réponse","Sans opinion"
"NA","Blanc,nul, abstention, sans réponse","Sûr de son choix"
"NA","Blanc,nul, abstention, sans réponse","Sûr de son choix"
"NA","Blanc,nul, abstention, sans réponse","Sûr de son choix"
"NA","Blanc,nul, abstention, sans réponse","Sûr de son choix"
"NA","Blanc,nul, abstention, sans réponse","Sûr de son choix"
"NA","Blanc,nul, abstention, sans réponse","Sûr de son choix"
"NA","Blanc,nul, abstention, sans réponse","Sûr de son choix"
"NA","Blanc,nul, abstention, sans réponse","Sûr de son choix"
"NA","Blanc,nul, abstention, sans réponse","Sûr de son choix"
"NA","Blanc,nul, abstention, sans réponse","Sûr de son choix"
"NA","Blanc,nul, abstention, sans réponse","Sûr de son choix"
"NA","Blanc,nul, abstention, sans réponse","Sûr de son choix"
"NA","François Hollande","Pourrait changer d avis"
"NA","François Hollande","Pourrait changer d avis"
"NA","François Hollande","Sûr de son choix"
"NA","François Hollande","Sûr de son choix"
"NA","François Hollande","Sûr de son choix"
"NA","François Hollande","Sûr de son choix"
"NA","François Hollande","Sûr de son choix"
"NA","François Hollande","Sûr de son choix"
"NA","François Hollande","Sûr de son choix"
"NA","François Hollande","Sûr de son choix"
"NA","François Hollande","Sûr de son choix"
"NA","François Hollande","Sûr de son choix"
"NA","François Hollande","Sûr de son choix"
"NA","François Hollande","Sûr de son choix"
"NA","François Hollande","Sûr de son choix"
"NA","François Hollande","Sûr de son choix"
"NA","François Hollande","Sûr de son choix"
"NA","François Hollande","Sûr de son choix"
"NA","François Hollande","Sûr de son choix"
"NA","François Hollande","Sûr de son choix"
"NA","François Hollande","Sûr de son choix"
"NA","Nicolas Sarkozy","Pourrait changer d avis"
"NA","Nicolas Sarkozy","Pourrait changer d avis"
"NA","Nicolas Sarkozy","Pourrait changer d avis"
"NA","Nicolas Sarkozy","Pourrait changer d avis"
"NA","Nicolas Sarkozy","Pourrait changer d avis"
"NA","Nicolas Sarkozy","Pourrait changer d avis"
"NA","Nicolas Sarkozy","Sûr de son choix"
"NA","Nicolas Sarkozy","Sûr de son choix"
"NA","Nicolas Sarkozy","Sûr de son choix"
"NA","Nicolas Sarkozy","Sûr de son choix"
"NA","Nicolas Sarkozy","Sûr de son choix"
"NA","Nicolas Sarkozy","Sûr de son choix"
"NA","Nicolas Sarkozy","Sûr de son choix"
"NA","Nicolas Sarkozy","Sûr de son choix"
"NA","Nicolas Sarkozy","Sûr de son choix"
"Nathalie Arthaud","Blanc,nul, abstention, sans réponse","Sûr de son choix"
"Nathalie Arthaud","Blanc,nul, abstention, sans réponse","Sûr de son choix"
"Nathalie Arthaud","François Hollande","Sûr de son choix"
"Nathalie Arthaud","François Hollande","Sûr de son choix"
"Nathalie Arthaud","Nicolas Sarkozy","Sûr de son choix"
"Nicolas Dupont-Aignan","Blanc,nul, abstention, sans réponse","Sûr de son choix"
"Nicolas Dupont-Aignan","Blanc,nul, abstention, sans réponse","Sûr de son choix"
"Nicolas Dupont-Aignan","Blanc,nul, abstention, sans réponse","Sûr de son choix"
"Nicolas Dupont-Aignan","Blanc,nul, abstention, sans réponse","Sûr de son choix"
"Nicolas Dupont-Aignan","François Hollande","Sûr de son choix"
"Nicolas Dupont-Aignan","François Hollande","Sûr de son choix"
"Nicolas Dupont-Aignan","Nicolas Sarkozy","Pourrait changer d avis"
"Nicolas Dupont-Aignan","Nicolas Sarkozy","Sûr de son choix"
"Nicolas Sarkozy","Blanc,nul, abstention, sans réponse","Pourrait changer d avis"
"Nicolas Sarkozy","Blanc,nul, abstention, sans réponse","Sans opinion"
"Nicolas Sarkozy","François Hollande","Sûr de son choix"
"Nicolas Sarkozy","François Hollande","Sûr de son choix"
"Nicolas Sarkozy","François Hollande","Sûr de son choix"
"Nicolas Sarkozy","Nicolas Sarkozy","Pourrait changer d avis"
"Nicolas Sarkozy","Nicolas Sarkozy","Pourrait changer d avis"
"Nicolas Sarkozy","Nicolas Sarkozy","Pourrait changer d avis"
"Nicolas Sarkozy","Nicolas Sarkozy","Pourrait changer d avis"
"Nicolas Sarkozy","Nicolas Sarkozy","Pourrait changer d avis"
"Nicolas Sarkozy","Nicolas Sarkozy","Pourrait changer d avis"
"Nicolas Sarkozy","Nicolas Sarkozy","Sûr de son choix"
"Nicolas Sarkozy","Nicolas Sarkozy","Sûr de son choix"
"Nicolas Sarkozy","Nicolas Sarkozy","Sûr de son choix"
"Nicolas Sarkozy","Nicolas Sarkozy","Sûr de son choix"
"Nicolas Sarkozy","Nicolas Sarkozy","Sûr de son choix"
"Nicolas Sarkozy","Nicolas Sarkozy","Sûr de son choix"
"Nicolas Sarkozy","Nicolas Sarkozy","Sûr de son choix"
"Nicolas Sarkozy","Nicolas Sarkozy","Sûr de son choix"
"Nicolas Sarkozy","Nicolas Sarkozy","Sûr de son choix"
"Nicolas Sarkozy","Nicolas Sarkozy","Sûr de son choix"
"Nicolas Sarkozy","Nicolas Sarkozy","Sûr de son choix"
"Nicolas Sarkozy","Nicolas Sarkozy","Sûr de son choix"
"Nicolas Sarkozy","Nicolas Sarkozy","Sûr de son choix"
"Nicolas Sarkozy","Nicolas Sarkozy","Sûr de son choix"
"Nicolas Sarkozy","Nicolas Sarkozy","Sûr de son choix"
"Nicolas Sarkozy","Nicolas Sarkozy","Sûr de son choix"
"Nicolas Sarkozy","Nicolas Sarkozy","Sûr de son choix"
"Nicolas Sarkozy","Nicolas Sarkozy","Sûr de son choix"
"Nicolas Sarkozy","Nicolas Sarkozy","Sûr de son choix"
"Nicolas Sarkozy","Nicolas Sarkozy","Sûr de son choix"
"Nicolas Sarkozy","Nicolas Sarkozy","Sûr de son choix"
"Nicolas Sarkozy","Nicolas Sarkozy","Sûr de son choix"
"Nicolas Sarkozy","Nicolas Sarkozy","Sûr de son choix"
"Nicolas Sarkozy","Nicolas Sarkozy","Sûr de son choix"
"Nicolas Sarkozy","Nicolas Sarkozy","Sûr de son choix"
"Nicolas Sarkozy","Nicolas Sarkozy","Sûr de son choix"
"Nicolas Sarkozy","Nicolas Sarkozy","Sûr de son choix"
"Nicolas Sarkozy","Nicolas Sarkozy","Sûr de son choix"
"Nicolas Sarkozy","Nicolas Sarkozy","Sûr de son choix"
"Nicolas Sarkozy","Nicolas Sarkozy","Sûr de son choix"
"Nicolas Sarkozy","Nicolas Sarkozy","Sûr de son choix"
"Nicolas Sarkozy","Nicolas Sarkozy","Sûr de son choix"
"Nicolas Sarkozy","Nicolas Sarkozy","Sûr de son choix"
"Nicolas Sarkozy","Nicolas Sarkozy","Sûr de son choix"
"Nicolas Sarkozy","Nicolas Sarkozy","Sûr de son choix"
"Nicolas Sarkozy","Nicolas Sarkozy","Sûr de son choix"
"Nicolas Sarkozy","Nicolas Sarkozy","Sûr de son choix"
"Nicolas Sarkozy","Nicolas Sarkozy","Sûr de son choix"
"Nicolas Sarkozy","Nicolas Sarkozy","Sûr de son choix"
"Nicolas Sarkozy","Nicolas Sarkozy","Sûr de son choix"
"Nicolas Sarkozy","Nicolas Sarkozy","Sûr de son choix"
"Nicolas Sarkozy","Nicolas Sarkozy","Sûr de son choix"
"Nicolas Sarkozy","Nicolas Sarkozy","Sûr de son choix"
"Nicolas Sarkozy","Nicolas Sarkozy","Sûr de son choix"
"Nicolas Sarkozy","Nicolas Sarkozy","Sûr de son choix"
"Nicolas Sarkozy","Nicolas Sarkozy","Sûr de son choix"
"Nicolas Sarkozy","Nicolas Sarkozy","Sûr de son choix"
"Nicolas Sarkozy","Nicolas Sarkozy","Sûr de son choix"
"Nicolas Sarkozy","Nicolas Sarkozy","Sûr de son choix"
"Nicolas Sarkozy","Nicolas Sarkozy","Sûr de son choix"
"Nicolas Sarkozy","Nicolas Sarkozy","Sûr de son choix"
"Nicolas Sarkozy","Nicolas Sarkozy","Sûr de son choix"
"Nicolas Sarkozy","Nicolas Sarkozy","Sûr de son choix"
"Nicolas Sarkozy","Nicolas Sarkozy","Sûr de son choix"
"Nicolas Sarkozy","Nicolas Sarkozy","Sûr de son choix"
"Nicolas Sarkozy","Nicolas Sarkozy","Sûr de son choix"
"Nicolas Sarkozy","Nicolas Sarkozy","Sûr de son choix"
"Nicolas Sarkozy","Nicolas Sarkozy","Sûr de son choix"
"Nicolas Sarkozy","Nicolas Sarkozy","Sûr de son choix"
"Nicolas Sarkozy","Nicolas Sarkozy","Sûr de son choix"
"Nicolas Sarkozy","Nicolas Sarkozy","Sûr de son choix"
"Nicolas Sarkozy","Nicolas Sarkozy","Sûr de son choix"
"Nicolas Sarkozy","Nicolas Sarkozy","Sûr de son choix"
"Nicolas Sarkozy","Nicolas Sarkozy","Sûr de son choix"
"Nicolas Sarkozy","Nicolas Sarkozy","Sûr de son choix"
"Nicolas Sarkozy","Nicolas Sarkozy","Sûr de son choix"
"Nicolas Sarkozy","Nicolas Sarkozy","Sûr de son choix"
"Nicolas Sarkozy","Nicolas Sarkozy","Sûr de son choix"
"Nicolas Sarkozy","Nicolas Sarkozy","Sûr de son choix"
"Nicolas Sarkozy","Nicolas Sarkozy","Sûr de son choix"
"Nicolas Sarkozy","Nicolas Sarkozy","Sûr de son choix"
"Nicolas Sarkozy","Nicolas Sarkozy","Sûr de son choix"
"Nicolas Sarkozy","Nicolas Sarkozy","Sûr de son choix"
"Nicolas Sarkozy","Nicolas Sarkozy","Sûr de son choix"
"Nicolas Sarkozy","Nicolas Sarkozy","Sûr de son choix"
"Nicolas Sarkozy","Nicolas Sarkozy","Sûr de son choix"
"Nicolas Sarkozy","Nicolas Sarkozy","Sûr de son choix"
"Nicolas Sarkozy","Nicolas Sarkozy","Sûr de son choix"
"Nicolas Sarkozy","Nicolas Sarkozy","Sûr de son choix"
"Nicolas Sarkozy","Nicolas Sarkozy","Sûr de son choix"
"Nicolas Sarkozy","Nicolas Sarkozy","Sûr de son choix"
"Nicolas Sarkozy","Nicolas Sarkozy","Sûr de son choix"
"Nicolas Sarkozy","Nicolas Sarkozy","Sûr de son choix"
"Nicolas Sarkozy","Nicolas Sarkozy","Sûr de son choix"
"Nicolas Sarkozy","Nicolas Sarkozy","Sûr de son choix"
"Nicolas Sarkozy","Nicolas Sarkozy","Sûr de son choix"
"Nicolas Sarkozy","Nicolas Sarkozy","Sûr de son choix"
"Nicolas Sarkozy","Nicolas Sarkozy","Sûr de son choix"
"Nicolas Sarkozy","Nicolas Sarkozy","Sûr de son choix"
"Nicolas Sarkozy","Nicolas Sarkozy","Sûr de son choix"
"Nicolas Sarkozy","Nicolas Sarkozy","Sûr de son choix"
"Nicolas Sarkozy","Nicolas Sarkozy","Sûr de son choix"
"Nicolas Sarkozy","Nicolas Sarkozy","Sûr de son choix"
"Nicolas Sarkozy","Nicolas Sarkozy","Sûr de son choix"
"Nicolas Sarkozy","Nicolas Sarkozy","Sûr de son choix"
"Nicolas Sarkozy","Nicolas Sarkozy","Sûr de son choix"
"Nicolas Sarkozy","Nicolas Sarkozy","Sûr de son choix"
"Nicolas Sarkozy","Nicolas Sarkozy","Sûr de son choix"
"Nicolas Sarkozy","Nicolas Sarkozy","Sûr de son choix"
"Nicolas Sarkozy","Nicolas Sarkozy","Sûr de son choix"
"Nicolas Sarkozy","Nicolas Sarkozy","Sûr de son choix"
"Nicolas Sarkozy","Nicolas Sarkozy","Sûr de son choix"
"Nicolas Sarkozy","Nicolas Sarkozy","Sûr de son choix"
"Nicolas Sarkozy","Nicolas Sarkozy","Sûr de son choix"
"Nicolas Sarkozy","Nicolas Sarkozy","Sûr de son choix"
"Nicolas Sarkozy","Nicolas Sarkozy","Sûr de son choix"
"Nicolas Sarkozy","Nicolas Sarkozy","Sûr de son choix"
"Nicolas Sarkozy","Nicolas Sarkozy","Sûr de son choix"
"Nicolas Sarkozy","Nicolas Sarkozy","Sûr de son choix"
"Nicolas Sarkozy","Nicolas Sarkozy","Sûr de son choix"
"Nicolas Sarkozy","Nicolas Sarkozy","Sûr de son choix"
"Nicolas Sarkozy","Nicolas Sarkozy","Sûr de son choix"
"Nicolas Sarkozy","Nicolas Sarkozy","Sûr de son choix"
"Nicolas Sarkozy","Nicolas Sarkozy","Sûr de son choix"
"Nicolas Sarkozy","Nicolas Sarkozy","Sûr de son choix"
"Nicolas Sarkozy","Nicolas Sarkozy","Sûr de son choix"
"Nicolas Sarkozy","Nicolas Sarkozy","Sûr de son choix"
"Nicolas Sarkozy","Nicolas Sarkozy","Sûr de son choix"
"Nicolas Sarkozy","Nicolas Sarkozy","Sûr de son choix"
"Nicolas Sarkozy","Nicolas Sarkozy","Sûr de son choix"
"Nicolas Sarkozy","Nicolas Sarkozy","Sûr de son choix"
"Nicolas Sarkozy","Nicolas Sarkozy","Sûr de son choix"
"Nicolas Sarkozy","Nicolas Sarkozy","Sûr de son choix"
"Nicolas Sarkozy","Nicolas Sarkozy","Sûr de son choix"
"Nicolas Sarkozy","Nicolas Sarkozy","Sûr de son choix"
"Nicolas Sarkozy","Nicolas Sarkozy","Sûr de son choix"
"Nicolas Sarkozy","Nicolas Sarkozy","Sûr de son choix"
"Nicolas Sarkozy","Nicolas Sarkozy","Sûr de son choix"
"Nicolas Sarkozy","Nicolas Sarkozy","Sûr de son choix"
"Nicolas Sarkozy","Nicolas Sarkozy","Sûr de son choix"
"Nicolas Sarkozy","Nicolas Sarkozy","Sûr de son choix"
"Nicolas Sarkozy","Nicolas Sarkozy","Sûr de son choix"
"Nicolas Sarkozy","Nicolas Sarkozy","Sûr de son choix"
"Nicolas Sarkozy","Nicolas Sarkozy","Sûr de son choix"
"Nicolas Sarkozy","Nicolas Sarkozy","Sûr de son choix"
"Nicolas Sarkozy","Nicolas Sarkozy","Sûr de son choix"
"Nicolas Sarkozy","Nicolas Sarkozy","Sûr de son choix"
"Nicolas Sarkozy","Nicolas Sarkozy","Sûr de son choix"
"Nicolas Sarkozy","Nicolas Sarkozy","Sûr de son choix"
"Nicolas Sarkozy","Nicolas Sarkozy","Sûr de son choix"
"Nicolas Sarkozy","Nicolas Sarkozy","Sûr de son choix"
"Nicolas Sarkozy","Nicolas Sarkozy","Sûr de son choix"
"Nicolas Sarkozy","Nicolas Sarkozy","Sûr de son choix"
"Nicolas Sarkozy","Nicolas Sarkozy","Sûr de son choix"
"Nicolas Sarkozy","Nicolas Sarkozy","Sûr de son choix"
"Nicolas Sarkozy","Nicolas Sarkozy","Sûr de son choix"
"Nicolas Sarkozy","Nicolas Sarkozy","Sûr de son choix"
"Nicolas Sarkozy","Nicolas Sarkozy","Sûr de son choix"
"Nicolas Sarkozy","Nicolas Sarkozy","Sûr de son choix"
"Nicolas Sarkozy","Nicolas Sarkozy","Sûr de son choix"
"Nicolas Sarkozy","Nicolas Sarkozy","Sûr de son choix"
"Nicolas Sarkozy","Nicolas Sarkozy","Sûr de son choix"
"Nicolas Sarkozy","Nicolas Sarkozy","Sûr de son choix"
"Nicolas Sarkozy","Nicolas Sarkozy","Sûr de son choix"
"Nicolas Sarkozy","Nicolas Sarkozy","Sûr de son choix"
"Nicolas Sarkozy","Nicolas Sarkozy","Sûr de son choix"
"Nicolas Sarkozy","Nicolas Sarkozy","Sûr de son choix"
"Nicolas Sarkozy","Nicolas Sarkozy","Sûr de son choix"
"Nicolas Sarkozy","Nicolas Sarkozy","Sûr de son choix"
"Nicolas Sarkozy","Nicolas Sarkozy","Sûr de son choix"
"Nicolas Sarkozy","Nicolas Sarkozy","Sûr de son choix"
"Nicolas Sarkozy","Nicolas Sarkozy","Sûr de son choix"
"Nicolas Sarkozy","Nicolas Sarkozy","Sûr de son choix"
"Nicolas Sarkozy","Nicolas Sarkozy","Sûr de son choix"
"Nicolas Sarkozy","Nicolas Sarkozy","Sûr de son choix"
"Nicolas Sarkozy","Nicolas Sarkozy","Sûr de son choix"
"Nicolas Sarkozy","Nicolas Sarkozy","Sûr de son choix"
"Nicolas Sarkozy","Nicolas Sarkozy","Sûr de son choix"
"Nicolas Sarkozy","Nicolas Sarkozy","Sûr de son choix"
"Nicolas Sarkozy","Nicolas Sarkozy","Sûr de son choix"
"Nicolas Sarkozy","Nicolas Sarkozy","Sûr de son choix"
"Nicolas Sarkozy","Nicolas Sarkozy","Sûr de son choix"
"Nicolas Sarkozy","Nicolas Sarkozy","Sûr de son choix"
"Nicolas Sarkozy","Nicolas Sarkozy","Sûr de son choix"
"Nicolas Sarkozy","Nicolas Sarkozy","Sûr de son choix"
"Nicolas Sarkozy","Nicolas Sarkozy","Sûr de son choix"
"Nicolas Sarkozy","Nicolas Sarkozy","Sûr de son choix"
"Nicolas Sarkozy","Nicolas Sarkozy","Sûr de son choix"
"Nicolas Sarkozy","Nicolas Sarkozy","Sûr de son choix"
"Nicolas Sarkozy","Nicolas Sarkozy","Sûr de son choix"
"Nicolas Sarkozy","Nicolas Sarkozy","Sûr de son choix"
"Nicolas Sarkozy","Nicolas Sarkozy","Sûr de son choix"
"Nicolas Sarkozy","Nicolas Sarkozy","Sûr de son choix"
"Nicolas Sarkozy","Nicolas Sarkozy","Sûr de son choix"
"Nicolas Sarkozy","Nicolas Sarkozy","Sûr de son choix"
"Nicolas Sarkozy","Nicolas Sarkozy","Sûr de son choix"
"Nicolas Sarkozy","Nicolas Sarkozy","Sûr de son choix"
"Nicolas Sarkozy","Nicolas Sarkozy","Sûr de son choix"
"Nicolas Sarkozy","Nicolas Sarkozy","Sûr de son choix"
"Nicolas Sarkozy","Nicolas Sarkozy","Sûr de son choix"
"Nicolas Sarkozy","Nicolas Sarkozy","Sûr de son choix"
"Nicolas Sarkozy","Nicolas Sarkozy","Sûr de son choix"
"Nicolas Sarkozy","Nicolas Sarkozy","Sûr de son choix"
"Nicolas Sarkozy","Nicolas Sarkozy","Sûr de son choix"
"Nicolas Sarkozy","Nicolas Sarkozy","Sûr de son choix"
"Nicolas Sarkozy","Nicolas Sarkozy","Sûr de son choix"
"Nicolas Sarkozy","Nicolas Sarkozy","Sûr de son choix"
"Nicolas Sarkozy","Nicolas Sarkozy","Sûr de son choix"
"Nicolas Sarkozy","Nicolas Sarkozy","Sûr de son choix"
"Nicolas Sarkozy","Nicolas Sarkozy","Sûr de son choix"
"Nicolas Sarkozy","Nicolas Sarkozy","Sûr de son choix"
"Nicolas Sarkozy","Nicolas Sarkozy","Sûr de son choix"
"Nicolas Sarkozy","Nicolas Sarkozy","Sûr de son choix"
"Nicolas Sarkozy","Nicolas Sarkozy","Sûr de son choix"
"Nicolas Sarkozy","Nicolas Sarkozy","Sûr de son choix"
"Nicolas Sarkozy","Nicolas Sarkozy","Sûr de son choix"
"Nicolas Sarkozy","Nicolas Sarkozy","Sûr de son choix"
"Nicolas Sarkozy","Nicolas Sarkozy","Sûr de son choix"
"Nicolas Sarkozy","Nicolas Sarkozy","Sûr de son choix"
"Nicolas Sarkozy","Nicolas Sarkozy","Sûr de son choix"
"Nicolas Sarkozy","Nicolas Sarkozy","Sûr de son choix"
"Nicolas Sarkozy","Nicolas Sarkozy","Sûr de son choix"
"Nicolas Sarkozy","Nicolas Sarkozy","Sûr de son choix"
"Nicolas Sarkozy","Nicolas Sarkozy","Sûr de son choix"
"Nicolas Sarkozy","Nicolas Sarkozy","Sûr de son choix"
"Nicolas Sarkozy","Nicolas Sarkozy","Sûr de son choix"
"Nicolas Sarkozy","Nicolas Sarkozy","Sûr de son choix"
"Nicolas Sarkozy","Nicolas Sarkozy","Sûr de son choix"
"Nicolas Sarkozy","Nicolas Sarkozy","Sûr de son choix"
"Nicolas Sarkozy","Nicolas Sarkozy","Sûr de son choix"
"Nicolas Sarkozy","Nicolas Sarkozy","Sûr de son choix"
"Nicolas Sarkozy","Nicolas Sarkozy","Sûr de son choix"
"Nicolas Sarkozy","Nicolas Sarkozy","Sûr de son choix"
"Nicolas Sarkozy","Nicolas Sarkozy","Sûr de son choix"
"Nicolas Sarkozy","Nicolas Sarkozy","Sûr de son choix"
"Nicolas Sarkozy","Nicolas Sarkozy","Sûr de son choix"
"Nicolas Sarkozy","Nicolas Sarkozy","Sûr de son choix"
"Nicolas Sarkozy","Nicolas Sarkozy","Sûr de son choix"
"Nicolas Sarkozy","Nicolas Sarkozy","Sûr de son choix"
"Nicolas Sarkozy","Nicolas Sarkozy","Sûr de son choix"
"Nicolas Sarkozy","Nicolas Sarkozy","Sûr de son choix"
"Nicolas Sarkozy","Nicolas Sarkozy","Sûr de son choix"
"Nicolas Sarkozy","Nicolas Sarkozy","Sûr de son choix"
"Nicolas Sarkozy","Nicolas Sarkozy","Sûr de son choix"
"Nicolas Sarkozy","Nicolas Sarkozy","Sûr de son choix"
"Nicolas Sarkozy","Nicolas Sarkozy","Sûr de son choix"
"Nicolas Sarkozy","Nicolas Sarkozy","Sûr de son choix"
"Nicolas Sarkozy","Nicolas Sarkozy","Sûr de son choix"
"Nicolas Sarkozy","Nicolas Sarkozy","Sûr de son choix"
"Nicolas Sarkozy","Nicolas Sarkozy","Sûr de son choix"
"Nicolas Sarkozy","Nicolas Sarkozy","Sûr de son choix"
"Nicolas Sarkozy","Nicolas Sarkozy","Sûr de son choix"
"Nicolas Sarkozy","Nicolas Sarkozy","Sûr de son choix"
"Nicolas Sarkozy","Nicolas Sarkozy","Sûr de son choix"
"Nicolas Sarkozy","Nicolas Sarkozy","Sûr de son choix"
"Nicolas Sarkozy","Nicolas Sarkozy","Sûr de son choix"
"Nicolas Sarkozy","Nicolas Sarkozy","Sûr de son choix"
"Nicolas Sarkozy","Nicolas Sarkozy","Sûr de son choix"
"Nicolas Sarkozy","Nicolas Sarkozy","Sûr de son choix"
"Nicolas Sarkozy","Nicolas Sarkozy","Sûr de son choix"
"Nicolas Sarkozy","Nicolas Sarkozy","Sûr de son choix"
"Nicolas Sarkozy","Nicolas Sarkozy","Sûr de son choix"
"Nicolas Sarkozy","Nicolas Sarkozy","Sûr de son choix"
"Philippe Poutou","Blanc,nul, abstention, sans réponse","Sûr de son choix"
"Philippe Poutou","Blanc,nul, abstention, sans réponse","Sûr de son choix"
"Philippe Poutou","François Hollande","Sûr de son choix"
"Philippe Poutou","François Hollande","Sûr de son choix"
"Philippe Poutou","François Hollande","Sûr de son choix"
"Philippe Poutou","François Hollande","Sûr de son choix"
"Philippe Poutou","François Hollande","Sûr de son choix"
"Philippe Poutou","Nicolas Sarkozy","Sûr de son choix"