dept,circ,nom,cDroite,sD,ST2,cGauche,sG,HT2,cD,cG,important,iD,iG
1,1,1ère circonscription de l'Ain,Xavier BRETON,m,0.553950419,Jean-François Debat,m,0.446049581,0.892299436,0.108568533,0,,
1,2,2ème circonscription de l'Ain,Charles de la VERPILLIÈRE,m,0.585230814,Paul Vernay,m,0.414769186,0.965702783,0.034596558,0,,
1,3,3ème circonscription de l'Ain,Etienne BLANC,m,0.56361335,Jean-Marc Fognini,m,0.43638665,0.923604101,0.077033361,0,,
1,4,4ème circonscription de l'Ain,Michel VOISIN,m,0.605912365,Guillaume Lacroix,m,0.394087635,0.984428619,0.015709945,0,,
1,5,5ème circonscription de l'Ain,Damien ABAD,m,0.544977605,Josiane Exposito,f,0.455022395,0.85365111,0.14747685,0,,
2,1,1ère circonscription de l'Aisne,Aude BONO-VANDORME,f,0.451284865,Paul Vernay,m,0.548715135,0.130029245,0.870985464,0,,
2,2,2ème circonscription de l'Aisne,Xavier BERTRAND,m,0.474268088,Anne Ferreira,f,0.525731912,0.268577974,0.733186334,0,,
2,3,3ème circonscription de l'Aisne,Fréderic MEURA,m,0.469117061,Jean-Louis Bricout,m,0.530882939,0.230888532,0.770705806,0,,
2,4,4ème circonscription de l'Aisne,Isabelle LÉTRILLART,f,0.464185125,Frédéric Alliot,m,0.535814875,0.198422358,0.803005216,0,,
2,5,5ème circonscription de l'Aisne,Isabelle VASSEUR,f,0.516930023,Jacques Krabal,m,0.483069977,0.660745068,0.34127529,0,,
3,1,1ère circonscription de l'Allier,Pierre-André PERISSOL,m,0.419681186,Guy Chambefort,m,0.580318814,0.041619004,0.9587385,0,,
3,2,2ème circonscription de l'Allier,Daniel DUGLÉRY,m,0.39058214,Bernard Lesterlin,m,0.60941786,0.013724907,0.98639639,0,,
3,3,3ème circonscription de l'Allier,Claude MALHURET,m,0.488172114,Pascal Javerliat,m,0.511827886,0.38744216,0.614691641,0,,
4,1,1ère circonscription des Alpes-de-Haute-Provence,Éliane BARREILLE,f,0.481312844,Gilbert Sauvan,m,0.518687156,0.325999284,0.675975125,0,,
4,2,2ème circonscription des Alpes-de-Haute-Provence,Jean-Claude CASTEL,m,0.497161788,Christophe Castaner,m,0.502838212,0.47340023,0.52884285,0,,
5,1,1ère circonscription des Hautes-Alpes,Jean COINTE,m,0.484934648,Karine Berger,f,0.515065352,0.357853945,0.644211549,0,,
5,2,2ème circonscription des Hautes-Alpes,Chantal EMEYOUD,f,0.497787277,Joël Giraud,M,0.502212723,0.479502147,0.522743642,0,,
6,1,1ère circonscription des Alpes-Maritimes,Éric CIOTTI,m,0.595002696,Patrick Allemand,m,0.404997304,0.976338508,0.0238703,0,,
6,2,2ème circonscription des Alpes-Maritimes,Charles-Ange GINESY,m,0.615423451,André Aschieri,m,0.384576549,0.989213296,0.010883161,0,,
6,3,3ème circonscription des Alpes-Maritimes,Rudy SALLES,m,0.598768997,Christine Dorejo,f,0.401231003,0.979512834,0.020668554,0,,
6,4,4ème circonscription des Alpes-Maritimes,Jean-Claude GUIBAL,m,0.65697213,Pascale Gerard,f,0.34302787,0.997857256,0.002162074,0,,
6,5,5ème circonscription des Alpes-Maritimes,Christian ESTROSI,m,0.629273114,Paul Cuturello,m,0.370726886,0.99369597,0.00636066,1,1,
6,6,6ème circonscription des Alpes-Maritimes,Lionnel LUCA,m,0.68924344,Sylvie Gautier,f,0.31075656,0.999392543,0.000612945,0,,
6,7,7ème circonscription des Alpes-Maritimes,Jean LEONETTI,m,0.662463641,Eric Martin,M,0.337536359,0.99827067,0.001744937,0,,
6,8,8ème circonscription des Alpes-Maritimes,Bernard BROCHAND,m,0.681304567,Elisabeth Deborde,f,0.318695433,0.999171562,0.000835921,0,,
6,9,9ème circonscription des Alpes-Maritimes,Michèle TABAROT,f,0.66452427,Marie-Louise Gourdon,f,0.33547573,0.998404354,0.001610048,0,,
7,1,1ère circonscription de l'Ardèche,Guerin de LONGEVIALLE,m,0.447726541,Pascal Terrasse,m,0.552273459,0.115080712,0.885832652,0,,
7,2,2ème circonscription de l'Ardèche,Mathieu DARNAUD,m,0.501206814,Olivier Dussopt,m,0.498793186,0.512921447,0.489327296,0,,
7,3,3ème circonscription de l'Ardèche,Jean-Claude FLORY,m,0.440522065,Sabine Buis,f,0.559477935,0.089347953,0.911381629,0,,
8,1,1ère circonscription des Ardennes,Bérengère POLETTI,f,0.509507584,Claudine Ledoux,f,0.490492416,0.592988148,0.409185836,0,,
8,2,2ème circonscription des Ardennes,Boris RAVIGNON,m,0.432303585,Christophe Leonard,m,0.567696415,0.06641934,0.934136558,0,,
8,3,3ème circonscription des Ardennes,Jean-Luc WARSMANN,m,0.498214651,Nelly Fesseau,f,0.501785349,0.483675003,0.518572253,0,,
9,1,1ère circonscription de l'Ariège,Nicole GERONA,f,0.326684348,Frédérique Massat,f,0.673315652,0.001142148,0.998868074,0,,
9,2,2ème circonscription de l'Ariège,Philippe CALLEJA,m,0.37820145,Alain Faure,m,0.62179855,0.008501966,0.991573566,0,,
10,1,1ère circonscription de l'Aube,Nicolas DHUICQ,m,0.605586137,René Gaudot,m,0.394413863,0.984231832,0.015908455,0,,
10,2,2ème circonscription de l'Aube,Jean-Claude MATHIS,m,0.582740771,Yves Fournier,m,0.417259229,0.962326934,0.038000712,0,,
10,3,3ème circonscription de l'Aube,François BAROIN,m,0.531372108,Lorette Joly,f,0.468627892,0.774069068,0.227508789,1,1,
11,1,1ère circonscription de l'Aude,Monique BOONEN-NAU,f,0.426292735,Jean-Claude Perez,m,0.573707265,0.053245959,0.947205918,0,,
11,2,2ème circonscription de l'Aude,Michel PY,m,0.466199512,Marie-Hélène Fabre,f,0.533800488,0.211250643,0.790245075,0,,
11,3,3ème circonscription de l'Aude,Emmanuel BRESSON,m,0.42285077,Jean-Paul Dupre,m,0.57714923,0.046854111,0.953546183,0,,
12,1,1ère circonscription de l'Aveyron,Yves CENSI,m,0.503543894,Monique Bultel-Herment,f,0.496456106,0.535713611,0.466525614,0,,
12,2,2ème circonscription de l'Aveyron,Laurent TRANIER,m,0.392926614,Marie-Lou Marcel,f,0.607073386,0.015023042,0.985109554,0,,
12,3,3ème circonscription de l'Aveyron,Alain MARC,m,0.466772234,Marie-Thérèse Foulquier,f,0.533227766,0.215006921,0.786508193,0,,
13,1,1ère circonscription des Bouches-du-Rhône,Valérie BOYER,f,0.55777335,Christophe Masse,m,0.44222665,0.905847738,0.09492266,0,,
13,2,2ème circonscription des Bouches-du-Rhône,Dominique TIAN,m,0.607980262,Jean-Pierre Mignard,m,0.392019738,0.985620957,0.014507153,0,,
13,3,3ème circonscription des Bouches-du-Rhône,Nora REMADNIA-PREZIOSI,f,0.49323963,Sylvie Andrieux,f,0.50676037,0.435390429,0.5668207,0,,
13,4,4ème circonscription des Bouches-du-Rhône,Solange BIAGGI,f,0.30611006,Patrick Mennucci,m,0.69388994,0.000511147,0.99949343,0,,
13,5,5ème circonscription des Bouches-du-Rhône,Renaud MUSELIER,m,0.497811335,Marie-Arlette Carlotti,f,0.502188665,0.479736981,0.522508899,1,1,
13,6,6ème circonscription des Bouches-du-Rhône,Guy TEISSIER,m,0.559693417,Pierre Semeriva,m,0.440306583,0.912059908,0.088664634,0,,
13,7,7ème circonscription des Bouches-du-Rhône,Sonia ARZANO,f,0.329128466,Henri Jibrayel,m,0.670871534,0.001256567,0.998754678,0,,
13,8,8ème circonscription des Bouches-du-Rhône,Nicolas ISNARD,m,0.572782506,Olivier Ferrand,m,0.427217494,0.945367823,0.055098872,0,,
13,9,9ème circonscription des Bouches-du-Rhône,Bernard DEFLESSELLES,m,0.565195594,Denis Grandjean,m,0.434804406,0.927857476,0.072747291,0,,
13,10,10ème circonscription des Bouches-du-Rhône,Richard MALLIÉ,m,0.559647626,François Michel Lambert,m,0.440352374,0.911916164,0.088809446,0,,
13,11,11ème circonscription des Bouches-du-Rhône,Christian KERT,m,0.562445535,Gaëlle Lenfant,f,0.437554465,0.920318505,0.080343988,0,,
13,12,12ème circonscription des Bouches-du-Rhône,Eric DIARD,m,0.576253126,Vincent Burroni,m,0.423746874,0.951968894,0.048444301,0,,
13,13,13ème circonscription des Bouches-du-Rhône,Michèle VASSEROT,f,0.448807548,René Raimondi,m,0.551192452,0.11945665,0.881486793,0,,
13,14,14ème circonscription des Bouches-du-Rhône,Maryse JOISSAINS-MASINI,f,0.530050412,Jean-David Ciot,m,0.469949588,0.764901336,0.236720967,0,,
13,15,15ème circonscription des Bouches-du-Rhône,Bernard REYNÈS,m,0.603363509,Nicette Aubert,f,0.396636491,0.982824447,0.01732814,0,,
13,16,16ème circonscription des Bouches-du-Rhône,Roland CHASSAIN,m,0.517749188,Michel Vauzelle,m,0.482250812,0.66788906,0.334110267,0,,
14,1,1ère circonscription du Calvados,Joël BRUNEAU,m,0.418633028,Philippe Duron,m,0.581366972,0.040014322,0.960329969,0,,
14,2,2ème circonscription du Calvados,Amandine FRANCOIS,f,0.35870874,Laurence Dumont,f,0.64129126,0.003984862,0.9960507,0,,
14,3,3ème circonscription du Calvados,Claude LETEURTRE,m,0.486011787,Clotilde Valter,f,0.513988213,0.36759109,0.634498616,0,,
14,4,4ème circonscription du Calvados,Nicole AMELINE,f,0.547805531,Anne-Marie Monnet,f,0.452194469,0.866935026,0.134106635,0,,
14,5,5ème circonscription du Calvados,Cédric NOUVELOT,m,0.498990691,Isabelle Attard,f,0.501009309,0.491257626,0.510991494,0,,
14,6,6ème circonscription du Calvados,Jean-Yves COUSIN,m,0.459954296,Alain Tourret,m,0.540045704,0.17341038,0.827875884,0,,
15,1,1ère circonscription du Cantal,Vincent DESCOEUR,m,0.450103423,Alain Calmette,m,0.549896577,0.124891202,0.876089122,0,,
15,2,2ème circonscription du Cantal,Alain MARLEIX,m,0.518786322,Gérard Salat,m,0.481213678,0.676824018,0.325147706,0,,
16,1,1ère circonscription de la Charente,Elise VOUVET,f,0.389606507,Martine Pinville,f,0.610393493,0.013217876,0.986899,0,,
16,2,2ème circonscription de la Charente,Daniel SAUVAITRE,m,0.451783822,Marie-Line Reynaud,f,0.548216178,0.132252648,0.868776794,0,,
16,3,3ème circonscription de la Charente,Jean-Marc de LUSTRAC,m,0.394971974,Jérôme Lambert,m,0.605028026,0.016253802,0.98388948,0,,
17,1,1ère circonscription de la Charente-Maritime,Sally CHADJAA,f,0.44409512,Ségolène Royal,f,0.55590488,0.101389153,0.899427895,0,,
17,2,2ème circonscription de la Charente-Maritime,Jean-Louis LÉONARD,m,0.447978864,Suzanne Tallard,f,0.552021136,0.116089475,0.884830853,0,,
17,3,3ème circonscription de la Charente-Maritime,Frédéric NEVEU,m,0.453075987,Catherine Quere,f,0.546924013,0.138160714,0.862907451,0,,
17,4,4ème circonscription de la Charente-Maritime,Dominique BUSSEREAU,m,0.519097531,Fabienne Dugas-Raveneau,f,0.480902469,0.67948048,0.322482759,1,1,
17,5,5ème circonscription de la Charente-Maritime,Didier QUENTIN,m,0.550779399,Pascal Ferchaud,m,0.449220601,0.879788783,0.12116632,0,,
18,1,1ère circonscription du Cher,Yves FROMION,m,0.495410843,Céline Bezoui,f,0.504589157,0.456366936,0.545865038,0,,
18,2,2ème circonscription du Cher,Maria CRESPEL,f,0.418679205,Agnès Sinsoulier-Bigot,f,0.581320795,0.040083752,0.960261112,0,,
18,3,3ème circonscription du Cher,Louis COSYNS,m,0.461562012,Yann Galut,m,0.538437988,0.182608856,0.818730674,0,,
19,1,1ère circonscription de la Corrèze,Michel PAILLASSOU,m,0.323648062,Sophie Dessus,f,0.676351938,0.001014395,0.998994684,0,,
19,2,2ème circonscription de la Corrèze,Pascal COSTE,m,0.380744989,Philippe Nauche,m,0.619255011,0.009382853,0.990700432,0,,
21,1,1ère circonscription de la Côte-d'Or,Bernard DEPIERRE,m,0.50974598,Laurent Grandguillaume,m,0.49025402,0.595236425,0.40693379,0,,
21,2,2ème circonscription de la Côte-d'Or,Rémi DELATTE,m,0.511533557,Pierre Pribetich,m,0.488466443,0.611961758,0.390177564,0,,
21,3,3ème circonscription de la Côte-d'Or,Pascale CARAVEL-FAUGUET,f,0.46506078,Kheira Bouziane,f,0.53493922,0.203925515,0.797531652,0,,
21,4,4ème circonscription de la Côte-d'Or,François SAUVADET,m,0.522964006,Patrick Molinoz,m,0.477035994,0.711483372,0.290367612,0,,
21,5,5ème circonscription de la Côte-d'Or,Alain SUGUENOT,m,0.559042331,Daniel Cadoux,m,0.440957669,0.909996036,0.090743819,0,,
22,1,1ère circonscription des Côtes-d'Armor,Sylvie GRONDIN,f,0.386305383,Michel Vergnier,m,0.613694617,0.011635592,0.988467456,0,,
22,2,2ème circonscription des Côtes-d'Armor,Michel VASPART,m,0.452527167,Viviane Le Dissez,f,0.547472833,0.135624761,0.865426859,0,,
22,3,3ème circonscription des Côtes-d'Armor,Marc LE FUR,m,0.44292186,Loïc Cauret,m,0.55707814,0.097284395,0.903503126,0,,
22,4,4ème circonscription des Côtes-d'Armor,Valérie GARCIA,f,0.34297006,Michel Balbot,m,0.65702994,0.002157202,0.997862085,0,,
22,5,5ème circonscription des Côtes-d'Armor,Xavier LEC'HVIEN,m,0.406691975,Corinne Erhel,f,0.593308025,0.025464303,0.974758088,0,,
23,1,Circonscription unique de la Creuse,Jean AUCLAIR,m,0.389831861,Michel Vergnier,m,0.610168139,0.013333325,0.986784558,0,,
24,1,1ère circonscription de la Dordogne,Philippe CORNET,m,0.382637623,Pascal Deguilhem,m,0.617362377,0.010096435,0.98999312,0,,
24,2,2ème circonscription de la Dordogne,Dominique MORTEMOUSQUE,m,0.452512472,Brigitte Allain,f,0.547487528,0.1355574,0.865493779,0,,
24,3,3ème circonscription de la Dordogne,RMarie-Claude ABBES,f,0.407118862,Colette Langlade,f,0.592881138,0.025881906,0.974344036,0,,
24,4,4ème circonscription de la Dordogne,Nathalie FONTALIRAN,f,0.392489255,Germinal Peiro,m,0.607510745,0.014772027,0.985358387,0,,
25,1,1ère circonscription du Doubs,Françoise BRANGET,f,0.463553712,Barbara Romagnan,f,0.536446288,0.194523995,0.806882289,0,,
25,2,2ème circonscription du Doubs,Jacques GROSPERRIN,m,0.478306438,Eric Alauzet,m,0.521693562,0.300711195,0.70117796,0,,
25,3,3ème circonscription du Doubs,Marcel BONNOT,m,0.522165821,Arnaud Marthey,m,0.477834179,0.705033407,0.296841693,0,,
25,4,4ème circonscription du Doubs,Charles DEMOUGE,m,0.487286543,Pierre Moscovici,m,0.512713457,0.379255226,0.622861246,0,,
25,5,5ème circonscription du Doubs,Annie GENEVARD,f,0.632358368,Liliane Lucchesi,f,0.367641632,0.994408516,0.005641749,0,,
26,1,1ère circonscription de la Drôme,Patrick LABAUNE,m,0.495312946,Alain Maurice,m,0.504687054,0.455417215,0.546813986,0,,
26,2,2ème circonscription de la Drôme,Franck REYNIER,m,0.526431849,Catherine Coutard,f,0.473568151,0.738507025,0.263234732,0,,
26,3,3ème circonscription de la Drôme,Hervé MARITON,m,0.488542801,Hervé Rasclard,m,0.511457199,0.390888353,0.611252382,0,,
26,4,4ème circonscription de la Drôme,Marie-Hélène THORAVAL,f,0.523967275,Nathalie Nieson,f,0.476032725,0.719470407,0.28234967,0,,
27,1,1ère circonscription de l'Eure,Bruno LE MAIRE,m,0.557524609,Michel Champredon,m,0.442475391,0.905014776,0.095761717,1,1,
27,2,2ème circonscription de l'Eure,Jean-Pierre NICOLAS,m,0.52386172,Jean-Louis Destans,m,0.47613828,0.718636454,0.283186905,0,,
27,3,3ème circonscription de l'Eure,Hervé MORIN,m,0.525239112,Mélanie Mammeri,f,0.474760888,0.729399181,0.272380866,0,,
27,4,4ème circonscription de l'Eure,François-Xavier PRIOLLAUD,m,0.486608913,François Loncle,m,0.513391087,0.373036509,0.629065996,0,,
27,5,5ème circonscription de l'Eure,Franck GILARD,m,0.530127778,Jérôme Bourlet de la Vallée,m,0.469872222,0.765445002,0.236174707,0,,
28,1,1ère circonscription de l'Eure-et-Loir,Jean-Pierre GORGES,m,0.528444425,David Lebon,m,0.471555575,0.753419377,0.248256441,0,,
28,2,2ème circonscription de l'Eure-et-Loir,Olivier MARLEIX,m,0.523354427,Gisèle Boullais,f,0.476645573,0.714607554,0.287231478,0,,
28,3,3ème circonscription de l'Eure-et-Loir,Laure de la RAUDIÈRE,f,0.524519782,Harold Huwart,m,0.475480218,0.723810855,0.277991943,0,,
28,4,4ème circonscription de l'Eure-et-Loir,Philippe VIGIER,m,0.565372593,Karim Laanaya,m,0.434627407,0.928319468,0.072281727,0,,
29,1,1ère circonscription du Finistère,Georges-Philippe FONTAINE,m,0.407799855,Jean-Jacques Urvoas,m,0.592200145,0.026561923,0.973669795,0,,
29,2,2ème circonscription du Finistère,Marc BERTHELOT,m,0.373820596,Patricia Adam,f,0.626179404,0.007172873,0.992890937,0,,
29,3,3ème circonscription du Finistère,Marguerite LAMOUR,f,0.441235546,Magali Deval,f,0.558764454,0.091644484,0.909101979,0,,
29,4,4ème circonscription du Finistère,Agnès LE BRUN,f,0.392859808,Marylise Lebranchu,f,0.607140192,0.01498443,0.985147831,1,,1
29,5,5ème circonscription du Finistère,Jacques LE GUEN,m,0.446179273,Chantal Guittet,f,0.553820727,0.109060395,0.891811029,0,,
29,6,6ème circonscription du Finistère,Dominique CAP,m,0.407440752,Richard Ferrand,m,0.592559248,0.026201197,0.974027459,0,,
29,7,7ème circonscription du Finistère,Didier GUILLON,m,0.410453148,Annick Le Loch,f,0.589546852,0.029380942,0.970874633,0,,
29,8,8ème circonscription du Finistère,Atto DOSSENA,m,0.402148599,Gilbert Le Bris,m,0.597851401,0.021407574,0.97878016,0,,
2A,1,1ère circonscription de la Corse-du-Sud,Laurent MARCANGELI,m,0.554287893,Simon Renucci,m,0.445712107,0.893561253,0.10729777,0,,
2A,2,2ème circonscription de la Corse-du-Sud,Camille de ROCCA-SERRA,m,0.595276408,Paul-Marie Bartoli,m,0.404723592,0.976584545,0.023622145,0,,
2B,1,1ère circonscription de la Haute-Corse,Sauveur GANDOLFI-SCHEIT,m,0.552385221,Jean Zucarelli,m,0.447614779,0.886273948,0.114636343,0,,
2B,2,2ème circonscription de la Haute-Corse,Stéphanie GRIMALDI,f,0.536830019,Paul Giacobbi ,m,0.463169981,0.809210013,0.192183358,0,,
30,1,1ère circonscription du Gard,Yvan LACHAUD,m,0.522211347,Françoise Dumas,f,0.477788653,0.705403546,0.29647019,0,,
30,2,2ème circonscription du Gard,Étienne MOURRUT,m,0.560311224,Katy Guyot,f,0.439688776,0.913978646,0.08673159,0,,
30,3,3ème circonscription du Gard,Jean-Marc ROUBBAUD,m,0.553015965,Patrice Prat,m,0.446984035,0.888736682,0.112156391,0,,
30,4,4ème circonscription du Gard,Max ROUSTAN,m,0.483116307,Fabrice Verdier,m,0.516883693,0.341682732,0.660338795,0,,
30,5,5ème circonscription du Gard,Jean-Charles BENEZET,m,0.432697998,William Dumas,m,0.567302002,0.067382236,0.933181143,0,,
30,6,6ème circonscription du Gard,Franck PROUST,m,0.530791937,Christophe Cavard,m,0.469208063,0.770076262,0.231521139,0,,
31,1,1ère circonscription de la Haute-Garonne,Sacha BRIAND,m,0.383332186,Catherine Lemorton,f,0.616667814,0.010371566,0.989720404,0,,
31,2,2ème circonscription de la Haute-Garonne,Nicolas BONLEUX,m,0.412390908,Gérard Bapt,m,0.587609092,0.031620942,0.968653489,0,,
31,3,3ème circonscription de la Haute-Garonne,Jean-Luc MOUDENC,m,0.47337668,François Simon,m,0.52662332,0.261785023,0.739950527,0,,
31,4,4ème circonscription de la Haute-Garonne,Bertrand SERP,m,0.356615385,Martine Martinel,f,0.643384615,0.003672772,0.996360014,0,,
31,5,5ème circonscription de la Haute-Garonne,Grégoire CARNEIRO,m,0.453657248,Françoise Imbert,f,0.546342752,0.140889862,0.860195981,0,,
31,6,6ème circonscription de la Haute-Garonne,Jocelyne VIDAL,f,0.407397931,Monique Iborra,f,0.592602069,0.026158502,0.974069791,0,,
31,7,7ème circonscription de la Haute-Garonne,Corinne VIANSSON-PONTÉ,f,0.434507802,Patrick Lemasle,m,0.565492198,0.071968685,0.928630107,0,,
31,8,8ème circonscription de la Haute-Garonne,Martine RIEU-GRIFFE,f,0.401945903,Carole Delga,f,0.598054097,0.021242133,0.978944181,0,,
31,9,9ème circonscription de la Haute-Garonne,Elisabeth POUCHELON,f,0.363694632,Christophe Borgel,m,0.636305368,0.004838662,0.995204483,0,,
31,10,10ème circonscription de la Haute-Garonne,Dominique FAURE,f,0.413620376,Kader Arif,m,0.586379624,0.033126929,0.967160129,0,,
32,1,1ère circonscription du Gers,Douce de FRANCLIEU,f,0.405582729,Philippe Martin,m,0.594417271,0.02440963,0.975803779,0,,
32,2,2ème circonscription du Gers,Gérard DUBRAC,m,0.462962963,Gisèle Biemouret,f,0.537037037,0.19092955,0.810456863,0,,
33,1,1ère circonscription de la Gironde,Chantal BOURRAGUÉ,f,0.485148809,Sandrine Doucet,f,0.514851191,0.359780896,0.642289524,0,,
33,2,2ème circonscription de la Gironde,Nicolas FLORIAN,m,0.409908219,Michèle Delaunay,f,0.590091781,0.028779241,0.971471254,0,,
33,3,3ème circonscription de la Gironde,Agnès NEDELEC,f,0.328463599,Noël Mamere,m,0.671536401,0.001224354,0.998786603,0,,
33,4,4ème circonscription de la Gironde,Anne-Lise JACQUET,f,0.364519124,Conchita Lacuey,f,0.635480876,0.004996435,0.995048109,0,,
33,5,5ème circonscription de la Gironde,David GORDON-KRIEF,m,0.449156968,Pascale Got,f,0.550843032,0.120901569,0.880051731,0,,
33,6,6ème circonscription de la Gironde,Thierry MILLET,m,0.422214093,Marie Recalde,f,0.577785907,0.045754577,0.95463677,0,,
33,7,7ème circonscription de la Gironde,Amel KHATTABI,f,0.383249644,Alain Rousset,m,0.616750356,0.010338485,0.989753195,0,,
33,8,8ème circonscription de la Gironde,Yves FOULON,m,0.546954788,Nathalie Le Yondre,f,0.453045212,0.863049773,0.138017461,0,,
33,9,9ème circonscription de la Gironde,Maxime SIBÉ,m,0.41392372,Gilles Savary,m,0.58607628,0.033509022,0.966781233,0,,
33,10,10ème circonscription de la Gironde,Jean-Paul GARRAUD,m,0.479376659,Florent Boudie,m,0.520623341,0.309585412,0.692334964,0,,
33,11,11ème circonscription de la Gironde,Jean-Franck BLANC,m,0.440410827,Philippe Plisson,m,0.559589173,0.088994614,0.911732363,0,,
33,12,12ème circonscription de la Gironde,Yves D’AMECOURT,m,0.438569207,Martine Faure,f,0.561430793,0.083325571,0.917359298,0,,
34,1,1ère circonscription de l'Hérault,Christian JEANJEAN,m,0.496365456,Jean-Louis Roumegas,m,0.503634544,0.465643382,0.536595287,0,,
34,2,2ème circonscription de l'Hérault,Anne BRISSAUD,f,0.347346259,Anne-Yvonne Le Dain,f,0.652653741,0.00255885,0.997464018,0,,
34,3,3ème circonscription de l'Hérault,Jean-Pierre GRAND,m,0.495454177,Fanny Dombre-Coste,f,0.504545823,0.456787427,0.545444883,0,,
34,4,4ème circonscription de l'Hérault,Robert LECOU,m,0.476053037,Frédéric Roig,m,0.523946963,0.282510669,0.719310041,0,,
34,5,5ème circonscription de l'Hérault,Catherine CECCHI,f,0.449538803,Kléber Mesquida,m,0.550461197,0.12249774,0.878466406,0,,
34,6,6ème circonscription de l'Hérault,Elie ABOUD,m,0.538768765,Dolorès Roque,f,0.461231235,0.820642657,0.180685862,0,,
34,7,7ème circonscription de l'Hérault,Gilles D'ETTORE,m,0.534489936,Sébastien Denaja,m,0.465510064,0.794679529,0.206792842,0,,
34,8,8ème circonscription de l'Hérault,Arnaud JULIEN,m,0.482657705,Christian Assaf,m,0.517342295,0.337659938,0.664349923,0,,
34,9,9ème circonscription de l'Hérault,Stéphan ROSSIGNOL,m,0.516627891,Patrick Vignal,m,0.483372109,0.658091358,0.343936578,0,,
35,1,1ère circonscription de l'Ille-et-Vilaine,Catherine LEBLOND,f,0.349678714,Marie-Anne Chapdelaine,f,0.650321286,0.002802561,0.997222479,0,,
35,2,2ème circonscription de l'Ille-et-Vilaine,Bertrand PLOUVIER,m,0.402758098,Nathalie Appere,f,0.597241902,0.021912679,0.978279386,0,,
35,3,3ème circonscription de l'Ille-et-Vilaine,Philippe ROUAULT,m,0.430860454,François Andre,m,0.569139546,0.063004134,0.937525092,0,,
35,4,4ème circonscription de l'Ille-et-Vilaine,Dominique JULAUD,m,0.442108354,Jean-René Marsac,m,0.557891646,0.094525936,0.906241575,0,,
35,5,5ème circonscription de l'Ille-et-Vilaine,Isabelle LE CALENNEC,f,0.533729171,Anne-Laure Loray,f,0.466270829,0.789782376,0.211715757,0,,
35,6,6ème circonscription de l'Ille-et-Vilaine,Thierry BENOIT,m,0.491153429,Agathe Remoue,f,0.508846571,0.415449876,0.586734109,0,,
35,7,7ème circonscription de l'Ille-et-Vilaine,Nicolas BELLOIR,m,0.503925113,Isabelle Thomas,f,0.496074887,0.539419828,0.462816966,0,,
35,8,8ème circonscription de l'Ille-et-Vilaine,Bruno CHAVANAT,m,0.366242595,Marcel Rogemont,m,0.633757405,0.005342959,0.994704658,0,,
36,1,1ère circonscription de l'Indre,François JOLIVET,m,0.442913034,Michel Sapin,m,0.557086966,0.097254086,0.903533217,1,,1
36,2,2ème circonscription de l'Indre,Nicolas FORISSIER,m,0.443815454,Isabelle Bruneau,f,0.556184546,0.100396985,0.900412954,0,,
37,1,1ère circonscription de l'Indre-et-Loire,Guillaume PELTIER,m,0.43390898,Jean-Patrick Gille,m,0.56609102,0.070420122,0.930166755,0,,
37,2,2ème circonscription de l'Indre-et-Loire,Claude GREFF,f,0.505983034,Christophe Rossignol,m,0.494016966,0.55934162,0.442877857,0,,
37,3,3ème circonscription de l'Indre-et-Loire,Jacques BARBIER,m,0.482114627,Marisol Touraine,f,0.517885373,0.332926376,0.669069387,1,,1
37,4,4ème circonscription de l'Indre-et-Loire,Hervé NOVELLI,m,0.479959832,Laurent Baumel,m,0.520040168,0.314481353,0.687455645,1,1,
37,5,5ème circonscription de l'Indre-et-Loire,Philippe BRIAND,m,0.52531187,Claude Roiron,f,0.47468813,0.729960449,0.271817282,0,,
38,1,1ère circonscription de l'Isère,Jean-Claude PEYRIN,m,0.46049238,Geneviève Fioraso,f,0.53950762,0.176447558,0.82485646,1,,1
38,2,2ème circonscription de l'Isère,Magalie VICENTE,f,0.401664612,Michel Issindou,m,0.598335388,0.021014612,0.979169749,0,,
38,3,3ème circonscription de l'Isère,Nathalie BERANGER,f,0.359771001,Michel Destot,m,0.640228999,0.004153193,0.995883865,0,,
38,4,4ème circonscription de l'Isère,Cécilia DURIEU,f,0.467445646,Marie-Noëlle Battistel,f,0.532554354,0.219485313,0.782052597,0,,
38,5,5ème circonscription de l'Isère,Michel BERNARD,m,0.447070568,François Brottes,m,0.552929432,0.112493825,0.888401597,0,,
38,6,6ème circonscription de l'Isère,Alain MOYNE-BRESSAND,m,0.566934769,Michèle Corbin,f,0.433065231,0.932280016,0.068290405,0,,
38,7,7ème circonscription de l'Isère,Jean-Pierre BARBIER,m,0.524187811,Didier Rambaud,m,0.475812189,0.721207901,0.2806053,0,,
38,8,8ème circonscription de l'Isère,Jacques REMILLER,m,0.527822379,Erwann Binet,m,0.472177621,0.74887202,0.252824333,0,,
38,9,9ème circonscription de l'Isère,Julien POLAT,m,0.486708729,Michèle Bonneton,f,0.513291271,0.37394996,0.628154641,0,,
38,10,10ème circonscription de l'Isère,Vincent CHRIQUI,m,0.518767813,Joëlle Huillier,f,0.481232187,0.676665658,0.325306568,0,,
39,1,1ère circonscription du Jura,Jacques PÉLISSARD,m,0.496216797,Danielle Brulebois,f,0.503783203,0.464197064,0.538040664,0,,
39,2,2ème circonscription du Jura,Marie-Christine DALLOZ,f,0.545980647,Raphaël Perrin,m,0.454019353,0.858484227,0.142612706,0,,
39,3,3ème circonscription du Jura,Jean-Marie SERMIER,m,0.482572723,Sylvie Laroche,f,0.517427277,0.33691704,0.665090635,0,,
40,1,1ère circonscription des Landes,Alain DUDON,m,0.44639412,Alain Vidalies,m,0.55360588,0.109879518,0.89099765,0,,
40,2,2ème circonscription des Landes,Julien DUBOIS,m,0.441209192,Jean-Pierre Dufau,m,0.558790808,0.091558723,0.909187112,0,,
40,3,3ème circonscription des Landes,Maria-Filoména LABASTE,f,0.401906967,Henri Emmanuelli,m,0.598093033,0.021210497,0.978975546,0,,
41,1,1ère circonscription du Loir-et-Cher,Nicolas PERRUCHOT,m,0.492809501,Denys Robiliard,m,0.507190499,0.431259752,0.570946341,0,,
41,2,2ème circonscription du Loir-et-Cher,Patrice MARTIN-LALANDE,m,0.541425881,Tania Andre,f,0.458574119,0.835431959,0.165809148,0,,
41,3,3ème circonscription du Loir-et-Cher,Maurice LEROY,m,0.537843841,Karine Gloanec-Maurin,f,0.462156159,0.815256554,0.186102814,0,,
42,1,1ère circonscription de la Loire,Gilles ARTIGUES,m,0.437699681,Régis Juanico,m,0.562300319,0.080764622,0.919901037,0,,
42,2,2ème circonscription de la Loire,Alexandra CUSTODIO,f,0.425401153,Jean-Louis Gagnaire,m,0.574598847,0.051515324,0.948922659,0,,
42,3,3ème circonscription de la Loire,François ROCHEBLOINE,m,0.498745234,Philippe Kizirian,m,0.501254766,0.488858679,0.513389963,0,,
42,4,4ème circonscription de la Loire,Dino CINIERI,m,0.490654144,Leila Bencharif,f,0.509345856,0.4107158,0.591460692,0,,
42,5,5ème circonscription de la Loire,Yves NICOLIN,m,0.515409653,Laure Deroche,f,0.484590347,0.647291799,0.354765661,0,,
42,6,6ème circonscription de la Loire,Paul SALEN,m,0.548566188,Liliane Faure,f,0.451433812,0.870329478,0.130689617,0,,
43,1,1ère circonscription de la Haute-Loire,Laurent WAUQUIEZ,m,0.501815648,Gustave Alirol,m,0.498184352,0.518868081,0.483379081,1,1,
43,2,2ème circonscription de la Haute-Loire,Jean-Pierre VIGIER,m,0.467584157,André Chapaveire,m,0.532415843,0.22041472,0.781127877,0,,
44,1,1ère circonscription de la Loire-Atlantique,François PINTE,m,0.433113671,François de Rugy,m,0.566886329,0.068411042,0.932160314,0,,
44,2,2ème circonscription de la Loire-Atlantique,Laurence GARNIER,f,0.400012544,Marie-Françoise Clergeau,f,0.599987456,0.019725713,0.980447566,0,,
44,3,3ème circonscription de la Loire-Atlantique,Annick LE RIDANT,f,0.347755258,Jean-Marc Ayrault,m,0.652244742,0.002600002,0.997423233,1,,1
44,4,4ème circonscription de la Loire-Atlantique,Isabelle MERAND,f,0.354555351,Dominique Raimbourg,m,0.645444649,0.003389442,0.996640824,0,,
44,5,5ème circonscription de la Loire-Atlantique,Maurice PERION,m,0.437459009,Michel Menard,m,0.562540991,0.080068578,0.92059184,0,,
44,6,6ème circonscription de la Loire-Atlantique,Michel HUNAULT,m,0.476163538,Yves Daniel,m,0.523836462,0.283387464,0.718436679,0,,
44,7,7ème circonscription de la Loire-Atlantique,Christophe PRIOU,m,0.515388289,Hélène Challier,f,0.484611711,0.647101028,0.354956934,0,,
44,8,8ème circonscription de la Loire-Atlantique,Maryvonne LE LIBOUX,f,0.341302753,Marie-Odile Bouille,f,0.658697247,0.002021301,0.997996773,0,,
44,9,9ème circonscription de la Loire-Atlantique,Philippe BOËNNEC,m,0.501746176,Monique Rabin,f,0.498253824,0.518189771,0.484057604,0,,
44,10,10ème circonscription de la Loire-Atlantique,Laurent DEJOIE,m,0.486390721,Sophie Errante,f,0.513609279,0.371042919,0.631054963,0,,
45,1,1ère circonscription du Loiret,Olivier CARRÉ,m,0.515531184,Jean-Philippe Grand,m,0.484468816,0.648376163,0.353678427,0,,
45,2,2ème circonscription du Loiret,Serge GROUARD,m,0.517718099,Christophe Chaillou,m,0.482281901,0.667619311,0.334380827,0,,
45,3,3ème circonscription du Loiret,Claude de GANAY,m,0.56353813,Philippe Froment,m,0.43646187,0.923396272,0.077242779,0,,
45,4,4ème circonscription du Loiret,Jean-Pierre DOOR,m,0.575454921,Jalila Gaboret,f,0.424545079,0.950521216,0.04990378,0,,
45,5,5ème circonscription du Loiret,Marianne DUBOIS,f,0.554607973,Carole Cannette,f,0.445392027,0.894745982,0.106104614,0,,
45,6,6ème circonscription du Loiret,Charles-Eric LEMAIGNEN,m,0.518388499,Valérie Corre,f,0.481611501,0.673411541,0.328570896,0,,
46,1,1ère circonscription du Lot,Aurélien PRADIÉ,m,0.386618801,Dominique Orliac,f,0.613381199,0.011777403,0.988326887,0,,
46,2,2ème circonscription du Lot,Ellen DAUSSE,f,0.375200407,Jean Launay,m,0.624799593,0.007567567,0.992499727,0,,
47,1,1ère circonscription du Lot-et-Garonne,Jean DIONIS DU SÉJOUR,m,0.488443511,Sophie Pantel,f,0.511556489,0.38996419,0.612174706,0,,
47,2,2ème circonscription du Lot-et-Garonne,Michel DIEFENBACHER,m,0.488868982,Mathias Fekl,m,0.511131018,0.393929832,0.608216846,0,,
47,3,3ème circonscription du Lot-et-Garonne,Jean-Louis COSTES,m,0.481793976,Jérôme Cahuzac,m,0.518206024,0.330147193,0.671840106,0,,
48,1,Circonscription unique de la Lozère,Pierre MOREL-A-L'HUISSIER / Francis ST-LEGER,m,0.500468486,Sophie Pantel,m,0.499531514,0.505705262,0.496544546,0,,
49,1,1ère circonscription du Maine-et-Loire,Paul JEANNETEAU,m,0.484208206,Luc Belot,m,0.515791794,0.351352082,0.650696298,0,,
49,2,2ème circonscription du Maine-et-Loire,Maxence HENRY,m,0.461608327,Marc Goua,m,0.538391673,0.182879376,0.818461698,0,,
49,3,3ème circonscription du Maine-et-Loire,Jean-Charles TAUGOURDEAU,m,0.534399198,Jean-Michel Marchand,m,0.465600802,0.794099909,0.207375534,0,,
49,4,4ème circonscription du Maine-et-Loire,Michel PIRON,m,0.559052248,Sophie Saramito,f,0.440947752,0.910027796,0.090711824,0,,
49,5,5ème circonscription du Maine-et-Loire,Gilles BOURDOULEIX,m,0.512176972,Laurence Adrien-Bigeon,f,0.487823028,0.617920049,0.384207047,0,,
49,6,6ème circonscription du Maine-et-Loire,Hervé de CHARETTE,m,0.529477966,Marianne Prodhomme,f,0.470522034,0.76085155,0.240789901,0,,
49,7,7ème circonscription du Maine-et-Loire,Marc LAFFINEUR,m,0.508894663,Silvia Camara-Tombini,f,0.491105337,0.587190091,0.414993189,0,,
50,1,1ère circonscription de la Manche,Philippe GOSSELIN,m,0.50873892,Christine Le Coz,f,0.49126108,0.585712876,0.416472675,0,,
50,2,2ème circonscription de la Manche,Guénhaël HUET,m,0.553292519,Gérard Saure,m,0.446707481,0.889801695,0.111083897,0,,
50,3,3ème circonscription de la Manche,Alain COUSIN,m,0.514954424,Stéphane Travert,m,0.485045576,0.643216581,0.358851471,0,,
50,4,4ème circonscription de la Manche,David MARGUERITTE,m,0.418570506,Bernard Cazeneuve,m,0.581429494,0.039920501,0.960423016,0,,
51,1,1ère circonscription de la Marne,Arnaud ROBINET,m,0.519154531,Sabrina Ghallal,f,0.480845469,0.679965783,0.321995892,0,,
51,2,2ème circonscription de la Marne,Catherine VAUTRIN,f,0.535944066,Eric Quenard,m,0.464055934,0.803803242,0.197619972,0,,
51,3,3ème circonscription de la Marne,Philippe-Armand MARTIN,m,0.552879949,Eric Loiselet,m,0.447120051,0.888209587,0.11268718,0,,
51,4,4ème circonscription de la Marne,Benoist APPARU,m,0.54372309,Rudy Namur,m,0.45627691,0.84741469,0.15375268,1,1,
51,5,5ème circonscription de la Marne,Charles-Amédée DE COURSON,m,0.607112773,Mariane Doremus,f,0.392887227,0.985132133,0.015000266,0,,
52,1,1ère circonscription de la Haute-Marne,Luc CHATEL,m,0.531654126,Patricia Andriot,f,0.468345874,0.775992133,0.225576207,0,,
52,2,2ème circonscription de la Haute-Marne,François CORNUT-GENTILLE,m,0.559370529,Denis Maillot,m,0.440629471,0.911041788,0.089690318,0,,
53,1,1ère circonscription de la Mayenne,Samia SOULTANI-VIGNERON,f,0.486991469,Guillaume Garot,m,0.513008531,0.376542271,0.625568194,0,,
53,2,2ème circonscription de la Mayenne,Guillaume CHEVROLLIER,m,0.55243732,Marie-Noëlle Tribondeau,f,0.44756268,0.886479157,0.114429703,0,,
53,3,3ème circonscription de la Mayenne,Yannick FAVENNEC,m,0.551059426,Christian Quinton,m,0.448940574,0.880942218,0.120004971,0,,
54,1,1ère circonscription de la Meurthe-et-Moselle,Laurent HÉNART,m,0.462756345,Chaynesse Khirouni,f,0.537243655,0.189684412,0.811695064,0,,
54,2,2ème circonscription de la Meurthe-et-Moselle,Valérie ROSSO-DEBORD,f,0.469892333,Hervé Feron,m,0.530107667,0.23631662,0.765303763,0,,
54,3,3ème circonscription de la Meurthe-et-Moselle,Etienne MANGEOT,m,0.410881086,Christian Eckert,m,0.589118914,0.029861999,0.970397633,0,,
54,4,4ème circonscription de la Meurthe-et-Moselle,Jacques LAMBLIN,m,0.505486658,Marie-Neige Houchard,f,0.494513342,0.554551414,0.44767288,0,,
54,5,5ème circonscription de la Meurthe-et-Moselle,Nadine MORANO,f,0.528379069,Dominique Potier,m,0.471620931,0.752944223,0.248733758,1,1,
54,6,6ème circonscription de la Meurthe-et-Moselle,Stéphane PIZELLE,m,0.435585947,Jean-Yves Le Deaut,m,0.564414053,0.074836192,0.92578455,0,,
55,1,1ère circonscription de la Meuse,Bertrand PANCHER,m,0.531759134,Diana Andre,f,0.468240866,0.776705197,0.224859598,0,,
55,2,2ème circonscription de la Meuse,Claude LÉONARD,m,0.546177196,Jean-Louis Dumont,m,0.453822804,0.859415524,0.141675382,0,,
56,1,1ère circonscription du Morbihan,François GOULARD,m,0.517841743,Claude Jahier,f,0.482158257,0.668691471,0.333305436,0,,
56,2,2ème circonscription du Morbihan,Michel GRALL,m,0.5059271,Nathalie Le Magueresse,f,0.4940729,0.558802369,0.443417672,0,,
56,3,3ème circonscription du Morbihan,Yves BLEUNVEN,m,0.490664482,Jean-Pierre Le Roch,m,0.509335518,0.410813658,0.591362992,0,,
56,4,4ème circonscription du Morbihan,François GUÉANT,m,0.503701187,Paul Molac,m,0.496298813,0.53724332,0.464994932,0,,
56,5,5ème circonscription du Morbihan,Brigitte MÉLIN,f,0.423527879,Gwendal Rouillard,m,0.576472121,0.048051016,0.952358993,0,,
56,6,6ème circonscription du Morbihan,Jacques LE NAY,m,0.436051926,Philippe Nogues,m,0.563948074,0.076107759,0.92452267,0,,
57,1,1ère circonscription de la Moselle,Julien FREYBURGER,m,0.477298629,Aurélie Filipetti,f,0.522701371,0.29248863,0.709370337,1,,1
57,2,2ème circonscription de la Moselle,Denis JACQUAT,m,0.544563737,Jean-Michel Toulouze,m,0.455436263,0.851617387,0.149523502,0,,
57,3,3ème circonscription de la Moselle,Marie-Jo ZIMMERMANN,f,0.524714899,Christiane Pallez,f,0.475285101,0.725333713,0.276462941,0,,
57,4,4ème circonscription de la Moselle,Alain MARTY,m,0.633006451,Jean-Yves Schaff,m,0.366993549,0.994547693,0.005501328,0,,
57,5,5ème circonscription de la Moselle,Céleste LETT,f,0.605482957,Angèle Dufflo,f,0.394517043,0.984169084,0.015971752,0,,
57,6,6ème circonscription de la Moselle,Pierre LANG,m,0.530116453,Laurent Kalinowski,m,0.469883547,0.765365472,0.236254617,0,,
57,7,7ème circonscription de la Moselle,André WOJCIECHOWSKI,m,0.546591695,Paola Zanetti,f,0.453408305,0.861362712,0.139715541,0,,
57,8,8ème circonscription de la Moselle,Sylvie THOMAS,f,0.41840625,Michel Liebgott,m,0.58159375,0.03967502,0.960666471,0,,
57,9,9ème circonscription de la Moselle,Anne GROMMERCH,f,0.546354094,Bertrand Mertz,m,0.453645906,0.860249317,0.140836179,0,,
58,1,1ère circonscription de la Nièvre,Jean-Luc GAUTHIER,m,0.406956224,Martine Carillon-Couvreur,f,0.593043776,0.025722025,0.974502559,0,,
58,2,2ème circonscription de la Nièvre,Michèle BOUCOMONT,f,0.416200361,Christian Paul,m,0.583799639,0.036515482,0.963799839,0,,
59,1,1ère circonscription du Nord,Hervé-Marie MORELLE,m,0.379283708,Bernard Roman,m,0.620716292,0.008866286,0.991212455,0,,
59,2,2ème circonscription du Nord,Caroline VANNIER,f,0.391704925,Audrey Linkenheld,f,0.608295075,0.014332179,0.985794407,0,,
59,3,3ème circonscription du Nord,Christine MARIN,f,0.476091264,Rémi Pauvros,m,0.523908736,0.282813803,0.719008095,0,,
59,4,4ème circonscription du Nord,Marc-Philippe DAUBRESSE,m,0.541541403,Hélène Parra,f,0.458458597,0.836052167,0.165185188,1,1,
59,5,5ème circonscription du Nord,Sébastien HUYGHE,m,0.497297966,Alain Cacheux,m,0.502702034,0.474728094,0.527515632,0,,
59,6,6ème circonscription du Nord,Thierry LAZARO,m,0.561380295,Angélique Deffontaine,f,0.438619705,0.917209451,0.083476547,0,,
59,7,7ème circonscription du Nord,Francis VERCAMER,m,0.528643711,Marjolaine Pierrat-Ferraille,f,0.471356289,0.754864456,0.246804759,0,,
59,8,8ème circonscription du Nord,Salima SAA,f,0.388097486,Slimane Tir,m,0.611902514,0.012469824,0.98764052,0,,
59,9,9ème circonscription du Nord,Bernard GÉRARD,m,0.582726247,Eric Pourchez,m,0.417273753,0.962306336,0.038021482,0,,
59,10,10ème circonscription du Nord,Gérald DARMANIN,m,0.53193762,Zina Dahmani L'Kassimi,f,0.46806238,0.7779135,0.223645266,0,,
59,11,11ème circonscription du Nord,Thierry PAUCHET,m,0.461651533,Yves Durand,m,0.538348467,0.18313202,0.818210494,0,,
59,12,12ème circonscription du Nord,Etienne CAUCHY,m,0.459795724,Christian Bataille,m,0.540204276,0.172523243,0.828757804,0,,
59,13,13ème circonscription du Nord,François ROSSEEL,m,0.402626157,Christian Hutin,m,0.597373843,0.021802358,0.978388762,0,,
59,14,14ème circonscription du Nord,Jean-Pierre DECOOL,m,0.505386603,Jean Schepman,m,0.494613397,0.553584596,0.448640621,0,,
59,15,15ème circonscription du Nord,Françoise HOSTALIER,f,0.507306087,Jean-Pierre Allossery,m,0.492693913,0.572053355,0.430151334,0,,
59,16,16ème circonscription du Nord,Mireille MORELLE,f,0.36416722,Christian Entem,m,0.63583278,0.004928479,0.995115463,0,,
59,17,17ème circonscription du Nord,Bruno BUFQUIN,m,0.433528756,Monique Amghar,f,0.566471244,0.0694529,0.931126514,0,,
59,18,18ème circonscription du Nord,François-Xavier VILLAIN,m,0.481069241,Martine Filleul,f,0.518930759,0.323909445,0.678058352,0,,
59,19,19ème circonscription du Nord,Olivier CAPRON,m,0.392042525,Anne-Lise Dufour-Tonini,f,0.607957475,0.014519899,0.985608322,0,,
59,20,20ème circonscription du Nord,Monique HUON,f,0.44160375,Sébastien Urgu,m,0.55839625,0.092850302,0.907904987,0,,
59,21,21ème circonscription du Nord,Jean-Louis BORLOO,m,0.477770166,Sandrine Rousseau,f,0.522229834,0.296319413,0.705553769,1,1,
60,1,1ère circonscription de l'Oise,Olivier DASSAULT,m,0.514431463,Béatrice Lejeune,f,0.485568537,0.638509336,0.363570579,0,,
60,2,2ème circonscription de l'Oise,Jean-François MANCEL,m,0.561241996,Sylvie Houssin,f,0.438758004,0.916797806,0.083891291,0,,
60,3,3ème circonscription de l'Oise,Marie-Christine SALMONA,f,0.470865138,Michel Francaix,m,0.529134862,0.243251453,0.758401438,0,,
60,4,4ème circonscription de l'Oise,Eric WOERTH,m,0.602072614,Patrick Canon,m,0.397927386,0.981951119,0.018209083,1,1,
60,5,5ème circonscription de l'Oise,Lucien DEGAUCHY,m,0.503965936,Bertrand Brassens,m,0.496034064,0.539816465,0.462420053,0,,
60,6,6ème circonscription de l'Oise,François-Michel GONNOT,m,0.523234534,Jean-Pierre Cossin,m,0.476765466,0.713650325,0.288192387,0,,
60,7,7ème circonscription de l'Oise,Édouard COURTIAL,m,0.484818318,Claude Gewerc,m,0.515181682,0.356809157,0.645253639,0,,
61,1,1ère circonscription de l'Orne,Bertrand DENIAUD,m,0.528462548,Joaquim Pueyo,m,0.471537452,0.753551033,0.248124185,0,,
61,2,2ème circonscription de l'Orne,Véronique LOUWAGIE,f,0.577061337,Souad El Manaa,f,0.422938663,0.953393682,0.047007861,0,,
61,3,3ème circonscription de l'Orne,Jérôme NURY,m,0.484097444,Omar Ayad,m,0.515902556,0.350365486,0.651680231,0,,
62,1,1ère circonscription du Pas-de-Calais,Michel PETIT,m,0.509799802,Jean-Jacques Cottel,m,0.490200198,0.595743461,0.406425892,0,,
62,2,2ème circonscription du Pas-de-Calais,Jean-Marie PRESTAUX,m,0.463002537,Jacqueline Maquet,f,0.536997463,0.191168745,0.810218998,0,,
62,3,3ème circonscription du Pas-de-Calais,Sophie GAUTHY,f,0.359634926,Guy Delcourt,m,0.640365074,0.004131241,0.995905622,0,,
62,4,4ème circonscription du Pas-de-Calais,Daniel FASQUELLE,m,0.534074861,Vincent Lena,m,0.465925139,0.792018193,0.209468232,0,,
62,5,5ème circonscription du Pas-de-Calais,Laurent FEUTRY,m,0.425270521,Frédéric Cuvillier,m,0.574729479,0.051266267,0.949169711,0,,
62,6,6ème circonscription du Pas-de-Calais,Frédéric WACHEUX,m,0.480837373,Brigitte Bourguignon,f,0.519162627,0.321926771,0.680034681,0,,
62,7,7ème circonscription du Pas-de-Calais,Philippe MIGNONET,m,0.4267229,Yann Capet,m,0.5732771,0.054100438,0.94635828,0,,
62,8,8ème circonscription du Pas-de-Calais,François DECOSTER,m,0.41610719,Michel Lefait,m,0.58389281,0.0363875,0.963926757,0,,
62,9,9ème circonscription du Pas-de-Calais,André FLAJOLET,m,0.470687502,Stéphane Saint-Andre,m,0.529312498,0.241974903,0.759672069,0,,
62,10,10ème circonscription du Pas-de-Calais,Maureen PATERNOGA LELEU,f,0.373443258,Serge Janquin,m,0.626556742,0.007068541,0.992994347,0,,
62,11,11ème circonscription du Pas-de-Calais,Jean URBANIAK,m,0.395625936,Philippe Kemel,m,0.604374064,0.016667849,0.983479021,0,,
62,12,12ème circonscription du Pas-de-Calais,Frédéric LAMAND,m,0.374061907,Nicolas Bays,m,0.625938093,0.007240394,0.992824011,0,,
63,1,1ère circonscription du Puy-de-Dôme,Jean-Pierre BRENAS,m,0.354882547,Odile Saugues,f,0.645117453,0.003432943,0.99659771,0,,
63,2,2ème circonscription du Puy-de-Dôme,Lionel MULLER,m,0.391409416,Christine Pires-Beaune,f,0.608590584,0.014169828,0.985955345,0,,
63,3,3ème circonscription du Puy-de-Dôme,Louis GISCARD D'ESTAING,m,0.44827285,Danielle Auroi,f,0.55172715,0.117274484,0.883654002,0,,
63,4,4ème circonscription du Puy-de-Dôme,Bertrand BARRAUD,m,0.368632175,Jean-Paul Bacquet,m,0.631367825,0.005863288,0.99418894,0,,
63,5,5ème circonscription du Puy-de-Dôme,Maxime COSTILHES,m,0.41008213,Martine Munoz,f,0.58991787,0.02896996,0.971282146,0,,
64,1,1ère circonscription des Pyrénees-Atlantiques,Nicolas PATRIARCHE,m,0.420520829,Martine Lignieres-Cassou,f,0.579479171,0.042948689,0.95741973,0,,
64,2,2ème circonscription des Pyrénees-Atlantiques,Eric SAUBATTE,m,0.431133336,Nathalie Chabanne,f,0.568866664,0.063637106,0.936897079,0,,
64,3,3ème circonscription des Pyrénees-Atlantiques,Béatrice YRONDI,f,0.392587477,David Habib,m,0.607412523,0.014828038,0.985302863,0,,
64,4,4ème circonscription des Pyrénees-Atlantiques,MArc OXIBAR,m,0.403075767,François Maitia,m,0.596924233,0.022180537,0.978013823,0,,
64,5,5ème circonscription des Pyrénees-Atlantiques,Jean GRENET,m,0.43237989,Colette Capdevielle,f,0.56762011,0.066604624,0.933952714,0,,
64,6,6ème circonscription des Pyrénees-Atlantiques,Michèle ALLIOT-MARIE,f,0.484093261,Sylviane Alaux,f,0.515906739,0.350328256,0.65171736,1,1,
65,1,1ère circonscription des Hautes Pyrénees,Gérard TRÉMEGE,m,0.350383334,Jean Glavany,m,0.649616666,0.002880639,0.997145096,0,,
65,2,2ème circonscription des Hautes Pyrénees,Jean-Pierre ARTIGANAVE,m,0.399775031,Jeanine Dubie,f,0.600224969,0.019546896,0.980624843,0,,
66,1,1ère circonscription des Pyrénees-Orientales,Daniel MACH,m,0.502621899,Jacques Cresta,m,0.497378101,0.526734438,0.475509654,0,,
66,2,2ème circonscription des Pyrénees-Orientales,Fernand SIRÉ,m,0.522374164,Toussainte Calabrese,f,0.477625836,0.706725057,0.29514379,0,,
66,3,3ème circonscription des Pyrénees-Orientales,Jean CASTEX,m,0.470298407,Ségolène Neuville,f,0.529701593,0.239194704,0.762439275,0,,
66,4,4ème circonscription des Pyrénees-Orientales,Jacqueline IRLES,f,0.481276453,Pierre Aylagas,m,0.518723547,0.325686645,0.67628678,0,,
67,1,1ère circonscription du Bas-Rhin,Anne HULNE,f,0.434379189,Armand Jung,m,0.565620811,0.071633464,0.928962753,0,,
67,2,2ème circonscription du Bas-Rhin,Jean-Philippe MAURER,m,0.484442382,Philippe Bies,m,0.515557618,0.353442141,0.648611823,0,,
67,3,3ème circonscription du Bas-Rhin,André SCHNEIDER,m,0.523849239,Andrée Buchmann,f,0.476150761,0.718537749,0.283285997,0,,
67,4,4ème circonscription du Bas-Rhin,Sophie ROHFRITSCH,f,0.661585929,Nadine Soccio,f,0.338414071,0.998210386,0.001805764,0,,
67,5,5ème circonscription du Bas-Rhin,Antoine HERTH,m,0.670597967,Daniel Ehret,m,0.329402033,0.998741299,0.001270066,0,,
67,6,6ème circonscription du Bas-Rhin,Laurent FURST,m,0.675068744,Astrid Scharly,f,0.324931256,0.998943001,0.001066545,0,,
67,7,7ème circonscription du Bas-Rhin,Patrick HETZEL,m,0.703315501,réservation Michèle Comte,f,0.296684499,0.999649558,0.000353609,0,,
67,8,8ème circonscription du Bas-Rhin,Frédéric REISS,m,0.730727642,Nicole Habermacher,f,0.269272358,0.999880015,0.000121069,0,,
67,9,9ème circonscription du Bas-Rhin,Nicole THOMAS,f,0.698224764,Clarisse Chabod,f,0.301775236,0.99957239,0.000431474,0,,
68,1,1ère circonscription du Haut-Rhin,Éric STRAUMANN,m,0.61756683,Victorine Valentin,f,0.38243317,0.990072025,0.010016831,0,,
68,2,2ème circonscription du Haut-Rhin,Jean-Louis CHRIST,m,0.648000116,Danielle Rubrecht,f,0.351999884,0.996959343,0.003068062,0,,
68,3,3ème circonscription du Haut-Rhin,Jean-Luc REITZER,m,0.711270761,Antoine Waechter,m,0.288729239,0.999743234,0.000259087,0,,
68,4,4ème circonscription du Haut-Rhin,Michel SORDI,m,0.630382345,Antoine Home,m,0.369617655,0.993961982,0.006092273,0,,
68,5,5ème circonscription du Haut-Rhin,Arlette GROSSKOST,f,0.58317891,Pierre Freyburger,m,0.41682109,0.962943251,0.037379242,0,,
68,6,6ème circonscription du Haut-Rhin,Francis HILLMEYER,m,0.602545284,Malika Schmidlin Ben M'Barek,f,0.397454716,0.98227584,0.017881532,0,,
69,1,1ère circonscription du Rhône,Michel HAVARD,m,0.460198907,Philippe Meirieu,m,0.539801093,0.174785919,0.826508406,0,,
69,2,2ème circonscription du Rhône,Emmanuel HAMELIN,m,0.430254034,Pierre-Alain Muet,m,0.569745966,0.061618467,0.938899879,0,,
69,3,3ème circonscription du Rhône,Laure DAGORNE,f,0.438188887,Jean-Louis Touraine,m,0.561811113,0.082196484,0.91847993,0,,
69,4,4ème circonscription du Rhône,Dominique NACHURY,f,0.538801717,Najat Belkacem,f,0.461198283,0.820832262,0.180495161,0,,
69,5,5ème circonscription du Rhône,Philippe COCHET,m,0.610924743,Jacky Darne,m,0.389075257,0.987164929,0.012949605,0,,
69,6,6ème circonscription du Rhône,Emmanuelle HAZIZA,f,0.419874558,Pascale Crozon,f,0.580125442,0.041921701,0.958438291,0,,
69,7,7ème circonscription du Rhône,Yann COMPAN,m,0.419936463,Hélène Geoffroy,f,0.580063537,0.042019047,0.958341745,0,,
69,8,8ème circonscription du Rhône,Patrice VERCHÈRE,m,0.608450992,Sheila Mc Carron,f,0.391549008,0.985879547,0.014246292,0,,
69,9,9ème circonscription du Rhône,Bernard PERRUT,m,0.606702361,Vincent Meyer,m,0.393297639,0.9848952,0.015239276,0,,
69,10,10ème circonscription du Rhône,Christophe GUILLOTEAU,m,0.603086471,Florence Perrin,f,0.396913529,0.982640592,0.0175136,0,,
69,11,11ème circonscription du Rhône,Georges FENECH,m,0.532996877,France  Gamerre,f,0.467003123,0.784988047,0.216534885,0,,
69,12,12ème circonscription du Rhône,Michel TERROT,m,0.53844751,Joëlle Sechaud,f,0.46155249,0.818785934,0.182553279,0,,
69,13,13ème circonscription du Rhône,Philippe MEUNIER,m,0.560050589,Farida Boudaoud,f,0.439949411,0.913173855,0.08754239,0,,
69,14,14ème circonscription du Rhône,Christophe GIRARD,m,0.386593419,Yves Blein,m,0.613406581,0.011765855,0.988338333,0,,
70,1,1ère circonscription de la Haute-Saone,Alain CHRÉTIEN,m,0.519634095,Claudy Duban,f,0.480365905,0.684033312,0.317915088,0,,
70,2,2ème circonscription de la Haute-Saone,Michel RAISON,m,0.487649149,Jean-Michel Villaume,m,0.512350851,0.38259944,0.619524256,0,,
71,1,1ère circonscription de la Saone-et-Loire,Gérard VOISIN,m,0.512005496,Thomas Thevenoud,m,0.487994504,0.616335495,0.385794916,0,,
71,2,2ème circonscription de la Saone-et-Loire,Jean-Marc NESME,m,0.491208031,Nicolas Guillemet,m,0.508791969,0.415968565,0.586216216,0,,
71,3,3ème circonscription de la Saone-et-Loire,Jean-Paul ANCIAUX,m,0.480067774,Philippe Baumel,m,0.519932226,0.315392148,0.686547895,0,,
71,4,4ème circonscription de la Saone-et-Loire,Arnaud DANJEAN,m,0.489987667,Cécile Untermaier,f,0.510012333,0.404422277,0.597743629,0,,
71,5,5ème circonscription de la Saone-et-Loire,Isabelle DECHAUME,f,0.440680742,Christophe Sirugue,m,0.559319258,0.089854167,0.910879145,0,,
72,1,1ère circonscription de la Sarthe,Fabienne LABRETTE-MÉNAGER,f,0.496317638,Françoise Dubois,f,0.503682362,0.465178084,0.537060286,0,,
72,2,2ème circonscription de la Sarthe,Philippe METIVIER,m,0.415558726,Marietta Karamanli,f,0.584441274,0.035642828,0.964665234,0,,
72,3,3ème circonscription de la Sarthe,Béatrice PAVY,f,0.4863556,Thierry Pradier,m,0.5136444,0.370722428,0.631374704,0,,
72,4,4ème circonscription de la Sarthe,Marc JOULAUD,m,0.473702548,Stéphane Le Foll,m,0.526297452,0.264255391,0.737490713,1,,1
72,5,5ème circonscription de la Sarthe,Dominique LE MÈNER,m,0.494387229,Christophe Rouillon,m,0.505612771,0.446453659,0.55576945,0,,
73,1,1ère circonscription de la Savoie,Dominique DORD,m,0.5635507,Alain Caraco,m,0.4364493,0.923431037,0.077207748,0,,
73,2,2ème circonscription de la Savoie,Hervé GAYMARD,m,0.563636043,François Rieu,m,0.436363957,0.923666701,0.076970283,1,1,
73,3,3ème circonscription de la Savoie,Pierre-Marie CHARVOZ,m,0.514754098,Béatrice Santais,f,0.485245902,0.641416631,0.360656005,0,,
73,4,4ème circonscription de la Savoie,Christiane BRUNET,f,0.46936869,Bernadette Laclais,f,0.53063131,0.232640703,0.7689621,0,,
74,1,1ère circonscription de la Haute-Savoie,Bernard ACCOYER,m,0.589079989,Christian Jeantet,m,0.410920011,0.970353872,0.029906132,0,,
74,2,2ème circonscription de la Haute-Savoie,Lionel TARDY,m,0.572968821,Denis Duperthuy,m,0.427031179,0.945742937,0.054720739,0,,
74,3,3ème circonscription de la Haute-Savoie,Martial SADDIER,m,0.602527802,Gilbert Saillet,m,0.397472198,0.982263934,0.017893542,0,,
74,4,4ème circonscription de la Haute-Savoie,Virginie DUBY-MULLER,f,0.594066376,Guillaume Mathelier,m,0.405933624,0.97547764,0.024738572,0,,
74,5,5ème circonscription de la Haute-Savoie,Marc FRANCINA,m,0.613861241,Pascale Escoubes,f,0.386138759,0.988541505,0.011560889,0,,
74,6,6ème circonscription de la Haute-Savoie,Sophie DION,f,0.641034117,Marie-France Marcos,f,0.358965883,0.996010943,0.004024976,0,,
75,1,1ère circonscription de Paris,Pierre LELLOUCHE,m,0.549892273,Claire Morel,f,0.450107727,0.876070845,0.124909603,0,,
75,2,2ème circonscription de Paris,François FILLON,m,0.550107373,Axel Kahn,m,0.449892627,0.876981295,0.12399297,0,,
75,3,3ème circonscription de Paris,Valérie PAPAREMBORDE,f,0.417438543,Annick Lepetit,f,0.582561457,0.038257909,0.962071867,0,,
75,4,4ème circonscription de Paris,Bernard DEBRÉ,m,0.751697869,Agnès Pannier,f,0.248302131,0.999947158,5.33197E-05,0,,
75,5,5ème circonscription de Paris,Benjamin LANCAR,m,0.330062444,Seybah Dagoma,f,0.669937556,0.001303253,0.998708409,0,,
75,6,6ème circonscription de Paris,Jack-Yves BOHBOT,m,0.287261816,Cécile Duflot,f,0.712738184,0.00024464,0.999757551,1,,1
75,7,7ème circonscription de Paris,Claude-Annick TISSOT,f,0.363540191,Patrick Bloche,m,0.636459809,0.004809665,0.995233223,0,,
75,8,8ème circonscription de Paris,Charles BEIGBEDER,m,0.412315763,Sandrine Mazetier,f,0.587684237,0.031531075,0.968742601,0,,
75,9,9ème circonscription de Paris,Anne-Sophie GROUCHKA-SOUHAITÉ,f,0.346156031,Jean-Marie Le Guen,m,0.653843969,0.002442753,0.99757908,0,,
75,10,10ème circonscription de Paris,Chenva TIEU,m,0.365207657,Denis Baupin,m,0.634792343,0.005132107,0.994913641,0,,
75,11,11ème circonscription de Paris,Jean-Pierre LECOQ,m,0.441617239,Pascal Cherki,m,0.558382761,0.092894747,0.907860867,0,,
75,12,12ème circonscription de Paris,Philippe GOUJON,m,0.587048832,Capucine Edou,f,0.412951168,0.967981304,0.032298816,0,,
75,13,13ème circonscription de Paris,Jean-François LAMOUR,m,0.521569096,Gilles Alayrac,m,0.478430904,0.700157041,0.301735791,0,,
75,14,14ème circonscription de Paris,Claude GOASGUEN,m,0.766026028,Annie Novelli,f,0.233973972,0.999969826,3.04464E-05,0,,
75,15,15ème circonscription de Paris,Nathalie FANFANT,f,0.294885204,George Pau-Langevin,f,0.705114796,0.000329589,0.999673363,1,,1
75,16,16ème circonscription de Paris,Jean-Jacques GIANNESINI,m,0.323361933,Jean-Christophe Cambadelis,m,0.676638067,0.001003118,0.99900586,0,,
75,17,17ème circonscription de Paris,Roxane DECORTE,f,0.279173102,Daniel Vaillant,m,0.720826898,0.000178308,0.999823289,0,,
75,18,18ème circonscription de Paris,Pierre-Yves BOURNAZEL,m,0.321323301,Christophe Caresche,m,0.678676699,0.000926317,0.999081975,0,,
76,1,1ère circonscription de la Seine-Maritime,Cyrille GRENOT,m,0.437564395,Valérie Fourneyron,f,0.562435605,0.080372689,0.92029002,1,,1
76,2,2ème circonscription de la Seine-Maritime,Françoise GUÉGOT,f,0.536023655,Véronique Moinet,f,0.463976345,0.80429365,0.197126879,0,,
76,3,3ème circonscription de la Seine-Maritime,Christophe CHOMANT,m,0.331729202,Luce Pane,f,0.668270798,0.001390914,0.998621531,0,,
76,4,4ème circonscription de la Seine-Maritime,Franck MEYER,m,0.360979284,Laurent Fabius,m,0.639020716,0.004353288,0.995685548,0,,
76,5,5ème circonscription de la Seine-Maritime,Valérie LOISEL,f,0.435078592,Christophe Bouillon,m,0.564921408,0.073473943,0.92713639,0,,
76,6,6ème circonscription de la Seine-Maritime,Michel LEJEUNE,m,0.491435336,Sandrine Hurel,f,0.508564664,0.41812981,0.584058239,0,,
76,7,7ème circonscription de la Seine-Maritime,Edouard PHILIPPE,m,0.482864489,Laurent Logiou,m,0.517135511,0.339470955,0.662544194,0,,
76,8,8ème circonscription de la Seine-Maritime,Agnès CANAYER,f,0.357886889,Catherine Troallic,f,0.642113111,0.003859304,0.996175142,0,,
76,9,9ème circonscription de la Seine-Maritime,Daniel FIDELIN,m,0.486401382,Estelle Grelier,f,0.513598618,0.371140224,0.630957885,0,,
76,10,10ème circonscription de la Seine-Maritime,Alfred TRASSY-PAILLOGUES,m,0.498896509,Dominique Chauvel,f,0.501103491,0.490337098,0.511911851,0,,
77,1,1ère circonscription de la Seine-et-Marne,Jean-Claude MIGNON,m,0.510435465,Lionel Walker,m,0.489564535,0.601716082,0.400442764,0,,
77,2,2ème circonscription de la Seine-et-Marne,Valérie LACROUTE,f,0.546965163,Roselyne Sarkissian,f,0.453034837,0.863097722,0.137969198,0,,
77,3,3ème circonscription de la Seine-et-Marne,Yves JEGO,m,0.502786667,Patricia Inghelbrecht,f,0.497213333,0.528340532,0.473902796,1,1,
77,4,4ème circonscription de la Seine-et-Marne,Christian JACOB,m,0.569170638,Célia Firmin,f,0.430829362,0.937596274,0.06293239,0,,
77,5,5ème circonscription de la Seine-et-Marne,Franck RIESTER,m,0.560789359,Elisabeth Escuyer,f,0.439210641,0.91543749,0.085261825,0,,
77,6,6ème circonscription de la Seine-et-Marne,Jean-François COPÉ,m,0.519901073,Caroline Pinet,f,0.480098927,0.686285645,0.315655275,1,1,
77,7,7ème circonscription de la Seine-et-Marne,Yves ALBARELLO,m,0.51560441,Sophie Cerqueira,f,0.48439559,0.649028786,0.353024068,0,,
77,8,8ème circonscription de la Seine-et-Marne,Chantal BRUNEL,f,0.488168466,Eduardo Rihan-Cypel,m,0.511831534,0.387408301,0.61472543,0,,
77,9,9ème circonscription de la Seine-et-Marne,Guy GEOFFROY,m,0.517885865,Sébastien Podevyn,m,0.482114135,0.669073649,0.332922102,0,,
77,10,10ème circonscription de la Seine-et-Marne,Claudine THOMAS,f,0.420912075,Emeric Brehier,m,0.579087925,0.04358205,0.956791557,0,,
77,11,11ème circonscription de la Seine-et-Marne,Cathy BISSONNIER,f,0.40055534,Olivier Faure,m,0.59944466,0.020140407,0.980036441,0,,
78,1,1ère circonscription des Yvelines,François de MAZIERES,m,0.557679034,Isabelle This Saint-Jean,f,0.442320966,0.905532675,0.095240029,0,,
78,2,2ème circonscription des Yvelines,Valérie PECRESSE,f,0.568840146,Jacques Lollioz,m,0.431159854,0.936835737,0.063698933,1,1,
78,3,3ème circonscription des Yvelines,Henri GUAINO,m,0.638594195,Fabienne Gelgon-Bilbault,f,0.361405805,0.995613294,0.004426189,1,1,
78,4,4ème circonscription des Yvelines,Pierre LEQUILLER,m,0.570104003,Sandrine Dubos,f,0.429895997,0.939698237,0.060813775,0,,
78,5,5ème circonscription des Yvelines,Jacques MYARD,m,0.561514364,Michèle Vitrac-Pouzoulet,f,0.438485636,0.917606739,0.083076265,0,,
78,6,6ème circonscription des Yvelines,Pierre MORANGE,m,0.580565892,Eddie Aït,m,0.419434108,0.959119068,0.041235281,0,,
78,7,7ème circonscription des Yvelines,Arnaud RICHARD,m,0.506760748,Estelle Rodes,f,0.493239252,0.566824335,0.43538679,0,,
78,8,8ème circonscription des Yvelines,Cécile DUMOULIN,f,0.444427719,Françoise Descamps-Crosnier,f,0.555572281,0.10258043,0.89824513,0,,
78,9,9ème circonscription des Yvelines,Jean-Marie TÉTART,m,0.540957355,Mounir Satouri,m,0.459042645,0.832897221,0.168359149,0,,
78,10,10ème circonscription des Yvelines,Jean-Frédéric POISSON,m,0.552047234,Anny Poursinoff,f,0.447952766,0.884934823,0.115984783,0,,
78,11,11ème circonscription des Yvelines,Jean-Michel FOURGOUS,m,0.429206261,Benoît Hamon,m,0.570793739,0.059291222,0.941208773,0,,
78,12,12ème circonscription des Yvelines,David DOUILLET,m,0.521280424,Frédérik Bernard,m,0.478719576,0.697781576,0.304119737,1,1,
79,1,1ère circonscription des Deux-Sèvres,Jérôme BALOGE,m,0.390550093,Geneviève Gaillard,f,0.609449907,0.013707952,0.986413198,0,,
79,2,2ème circonscription des Deux-Sèvres,Xavier ARGENTON,m,0.406714975,Delphine Batho,f,0.593285025,0.025486634,0.974735947,1,,1
79,3,3ème circonscription des Deux-Sèvres,Philippe MOUILLER,m,0.487708933,Jean Grelier,m,0.512291067,0.38315189,0.61897298,0,,
80,1,1ère circonscription de la Somme,Stéphane DECAYEUX,m,0.404792029,Pascale Boistard,f,0.595207971,0.023683955,0.976523262,0,,
80,2,2ème circonscription de la Somme,Olivier JARDE,m,0.455196497,Barbara Pompili,f,0.544803503,0.14833498,0.852798411,0,,
80,3,3ème circonscription de la Somme,Jérôme BIGNON,m,0.469093417,Jean-Claude Buisine,m,0.530906583,0.230724366,0.770869177,0,,
80,4,4ème circonscription de la Somme,Alain GEST,m,0.485019829,Catherine Quignon-Le Tyrant,f,0.514980171,0.358619831,0.643447629,0,,
80,5,5ème circonscription de la Somme,Stéphane DEMILLY,m,0.464151487,Valérie Kumm,f,0.535848513,0.198213201,0.803213238,0,,
81,1,1ère circonscription du Tarn,Richard AMALVY,m,0.46034078,Gérard Poujade,m,0.53965922,0.175587657,0.825711351,0,,
81,2,2ème circonscription du Tarn,Henri DEL REY,m,0.400756633,Jacques Valax,m,0.599243367,0.020296354,0.979881835,0,,
81,3,3ème circonscription du Tarn,Bernard CARAYON,m,0.476444217,Linda Gourjade,f,0.523555783,0.285621969,0.716210861,0,,
82,1,1ère circonscription du Tarn-et-Garonne,Brigitte BARÈGES,f,0.483410449,Valérie Rabault,f,0.516589551,0.344274994,0.657753896,0,,
82,2,2ème circonscription du Tarn-et-Garonne,Philippe de VERGNETTE,m,0.491408983,Sylvia Pinel,f,0.508591017,0.417879084,0.58430859,0,,
83,1,1ère circonscription du Var,Geneviève LEVY,f,0.598899096,Robert Alfonsi,m,0.401100904,0.979614689,0.020565816,0,,
83,2,2ème circonscription du Var,Philippe VITEL,m,0.589223244,Mireille Peirano,f,0.410776756,0.970514618,0.02974402,0,,
83,3,3ème circonscription du Var,Jean-Pierre GIRAN,m,0.629283037,Joël Canapa,m,0.370716963,0.993698401,0.006358207,0,,
83,4,4ème circonscription du Var,Jean-Michel COUVE,m,0.676210716,Jean-Laurent Felizia,m,0.323789284,0.998989122,0.001020007,0,,
83,5,5ème circonscription du Var,Georges GINESTA,m,0.692781404,Martine Bouvard,f,0.307218596,0.999470997,0.000533783,0,,
83,6,6ème circonscription du Var,Josette PONS,f,0.596499204,Delphine Van Hoorebeke,f,0.403500796,0.977653539,0.022543933,0,,
83,7,7ème circonscription du Var,Jean-Sébastien VIALATTE,m,0.618528824,Ladislas Polski,m,0.381471176,0.990435096,0.009650542,0,,
83,8,8ème circonscription du Var,Olivier AUDIBERT-TROIN,m,0.604073871,Bernard Clap,m,0.395926129,0.983287178,0.016861368,0,,
84,1,1ère circonscription du Vaucluse,Valérie WAGNER,f,0.477799831,Michèle Fournier-Armand,f,0.522200169,0.29656138,0.705312691,0,,
84,2,2ème circonscription du Vaucluse,Jean-Claude BOUCHET,m,0.578214029,Jacques Olivier,m,0.421785971,0.955356356,0.045029076,0,,
84,3,3ème circonscription du Vaucluse,Jean-Michel FERRAND,m,0.602490966,Catherine Arkilovitch,f,0.397509034,0.982238818,0.017918877,0,,
84,4,4ème circonscription du Vaucluse,Bénédicte MARTIN,f,0.600195548,Pierre Meffre,m,0.399804452,0.980602969,0.01956896,0,,
84,5,5ème circonscription du Vaucluse,Julien AUBERT,m,0.554081315,Jean-François Lovisolo,m,0.445918685,0.892790409,0.108074083,0,,
85,1,1ère circonscription de la Vendée,Alain LEBOEUF,m,0.535256804,Martine Chantecaille,f,0.464743196,0.799529826,0.201916601,0,,
85,2,2ème circonscription de la Vendée,Dominique CAILLAUD,m,0.520329022,Sylviane Bulteau,f,0.479670978,0.689877723,0.312051078,0,,
85,3,3ème circonscription de la Vendée,Louis GUÉDON,m,0.602382849,Claudine Goichon,f,0.397617151,0.982164901,0.017993438,0,,
85,4,4ème circonscription de la Vendée,Véronique BESSE,f,0.593077435,Maï Haeffelin,f,0.406922565,0.974535247,0.025689057,0,,
85,5,5ème circonscription de la Vendée,Joël SARLOT,m,0.516289239,Hugues Fourage,m,0.483710761,0.655105081,0.346931229,0,,
86,1,1ère circonscription de la Vienne,Jacqueline DAIGRE,f,0.395667103,Alain Claeys,m,0.604332897,0.016694258,0.983452841,0,,
86,2,2ème circonscription de la Vienne,Olivier CHARTIER,m,0.403646752,Catherine Coutelle,f,0.596353248,0.022670061,0.97752849,0,,
86,3,3ème circonscription de la Vienne,Enguerrand DELANNOY,m,0.446704803,Jean-Michel Clement,m,0.553295197,0.111073555,0.889811965,0,,
86,4,4ème circonscription de la Vienne,JEan-Pierre ABELIN,m,0.469810226,Véronique Massonneau,f,0.530189774,0.235737596,0.765880034,0,,
87,1,1ère circonscription de la Haute-Vienne,Florence PREVOT-SOLA,f,0.340599907,Alain Rodet,m,0.659400093,0.001966605,0.998050981,0,,
87,2,2ème circonscription de la Haute-Vienne,Frédérick PEYRONNET,m,0.368661198,Daniel Boisserie,m,0.631338802,0.005869908,0.994182379,0,,
87,3,3ème circonscription de la Haute-Vienne,Jean-Marc GABOUTY,m,0.369717123,Catherine Beaubatie,f,0.630282877,0.006115873,0.99393859,0,,
88,1,1ère circonscription des Vosges,Michel HEINRICH,m,0.498108952,Gilles Bilot,m,0.501891048,0.48264273,0.519604193,0,,
88,2,2ème circonscription des Vosges,Gérard CHERPION,m,0.502637102,Jack Lang,m,0.497362898,0.526882656,0.475361367,0,,
88,3,3ème circonscription des Vosges,François VANNSON,m,0.52506104,Elise Calais,f,0.47493896,0.728022419,0.273763285,0,,
88,4,4ème circonscription des Vosges,Jean-Jacques GAULTIER,m,0.513827146,Christian Franqueville,m,0.486172854,0.633036539,0.369056665,0,,
89,1,1ère circonscription de l'Yonne,Guillaume LARRIVÉ,m,0.520870478,Guy Ferez,m,0.479129522,0.694389903,0.307523344,0,,
89,2,2ème circonscription de l'Yonne,Jean-Marie ROLLAND,m,0.513901177,Jean-Yves Caullet,m,0.486098823,0.633708858,0.368382742,0,,
89,3,3ème circonscription de l'Yonne,Marie-Louise FORT,f,0.555900951,Nicolas Soret,m,0.444099049,0.899413993,0.101403155,0,,
90,1,1ère circonscription du Territoire de Belfort,Damien MESLOT,m,0.519042254,Anne-Marie Forcinal,f,0.480957746,0.679009479,0.322955274,0,,
90,2,2ème circonscription du Territoire de Belfort,Michel ZUMKELLER,m,0.470483812,Étienne Butzbach,m,0.529516188,0.240516738,0.761123437,0,,
91,1,1ère circonscription de l'Essonne,Cristela de OLIVEIRA,f,0.363014892,Manuel Valls,m,0.636985108,0.004712324,0.995329699,1,,1
91,2,2ème circonscription de l'Essonne,Franck MARLIN,m,0.539347607,Béatrice Perie,f,0.460652393,0.823950548,0.177358765,0,,
91,3,3ème circonscription de l'Essonne,Geneviève COLOT,f,0.497732016,Michel Pouzol,m,0.502267984,0.478962782,0.523282795,0,,
91,4,4ème circonscription de l'Essonne,Nathalie KOSCIUSKO-MORIZET,f,0.509966326,Olivier Thomas,m,0.490033674,0.597310926,0.404855732,1,1,
91,5,5ème circonscription de l'Essonne,Hervé HOCQUARD,m,0.454532023,Maud Olivier,f,0.545467977,0.14508192,0.856030816,0,,
91,6,6ème circonscription de l'Essonne,Grégoire de LASTEYRIE,m,0.43181283,François Lamy,m,0.56818717,0.065239086,0.935307618,0,,
91,7,7ème circonscription de l'Essonne,Françoise BRIAND,f,0.458125103,Eva Sas,f,0.541874897,0.163394468,0.837832079,0,,
91,8,8ème circonscription de l'Essonne,Laurent BÉTEILLE,m,0.458697476,Aude Bristot,f,0.541302524,0.166477517,0.834767602,0,,
91,9,9ème circonscription de l'Essonne,Georges TRON,m,0.475655749,Thierry Mandon,m,0.524344251,0.279371901,0.722436405,1,1,
91,10,10ème circonscription de l'Essonne,Réservée,m,0.412818594,Malek Boutih,m,0.587181406,0.032137153,0.96814161,0,,
92,1,1ère circonscription des Hauts-de-Seine,Nora DJELLAB,f,0.300380056,Alexis Bachelay,m,0.699619944,0.000408571,0.999595088,0,,
92,2,2ème circonscription des Hauts-de-Seine,Manuel AESCHLIMANN,m,0.488555503,Sébastien Pietrasanta,m,0.511444497,0.391006636,0.611134333,0,,
92,3,3ème circonscription des Hauts-de-Seine,Jacques KOSSOWSKI,m,0.563057282,Jean-André Lasserre,m,0.436942718,0.922055419,0.078593866,0,,
92,4,4ème circonscription des Hauts-de-Seine,Christian DUPUY,m,0.393084109,Yacine Djaziri,m,0.606915891,0.015114459,0.985018932,0,,
92,5,5ème circonscription des Hauts-de-Seine,Patrick BALKANY,m,0.509602649,Gilles Catoire,m,0.490397351,0.593885162,0.408287329,1,1,
92,6,6ème circonscription des Hauts-de-Seine,Réservée,m,0.689273013,Marie Brannens,f,0.310726987,0.999393245,0.000612237,0,,
92,7,7ème circonscription des Hauts-de-Seine,Patrick OLLIER,m,0.611241665,Bertrand Rocheron,m,0.388758335,0.987321027,0.012792133,1,1,
92,8,8ème circonscription des Hauts-de-Seine,Jean-Jacques GUILLET,m,0.549762858,Catherine Lime-Biffe,f,0.450237142,0.875520293,0.125463887,0,,
92,9,9ème circonscription des Hauts-de-Seine,Claude GUÉANT,m,0.653138101,Martine Even,f,0.346861899,0.997511486,0.002510955,1,1,
92,10,10ème circonscription des Hauts-de-Seine,André SANTINI,m,0.465419632,Lucile Schmid,f,0.534580368,0.206213316,0.795255993,0,,
92,11,11ème circonscription des Hauts-de-Seine,Jean-Loup METTON,m,0.34424571,Julie Sommaruga,f,0.65575429,0.002267303,0.997752966,0,,
92,12,12ème circonscription des Hauts-de-Seine,Philippe PEMEZEC,m,0.464847952,Jean-Marc Germain,m,0.535152048,0.202577606,0.798872362,0,,
92,13,13ème circonscription des Hauts-de-Seine,Patrick DEVEDJIAN,m,0.473546269,Julien Landfried,m,0.526453731,0.263068794,0.738672254,1,1,
93,1,1ère circonscription de la Seine-Saint-denis,Salah BOURDI,f,0.27523285,Bruno Le_Roux,m,0.72476715,0.000152847,0.999848522,0,,
93,2,2ème circonscription de la Seine-Saint-denis,Vijay MONANY,m,0.231632794,Mathieu Hanotin,m,0.768367206,2.77826E-05,0.999972466,0,,
93,3,3ème circonscription de la Seine-Saint-denis,Bruno BESCHIZZA,m,0.419967394,Michel Pajon,m,0.580032606,0.042067768,0.958293423,0,,
93,4,4ème circonscription de la Seine-Saint-denis,Thierry MEIGNEN,m,0.293396627,Najia Amzal,f,0.706603373,0.000310955,0.99969183,0,,
93,5,5ème circonscription de la Seine-Saint-denis,Jean-Christophe LAGARDE,m,0.336003673,Milouda Latreche,f,0.663996327,0.001643582,0.99837112,0,,
93,6,6ème circonscription de la Seine-Saint-denis,Illona ZSFOTER,f,0.278887899,Elisabeth Guigou,f,0.721112101,0.000176331,0.999825249,0,,
93,7,7ème circonscription de la Seine-Saint-denis,Muriel BESSIS,f,0.24998554,Razzy Hammadi,m,0.75001446,5.6948E-05,0.999943562,0,,
93,8,8ème circonscription de la Seine-Saint-denis,Patrice CALMÉJANE,m,0.472255069,Elisabeth Pochon,f,0.527744931,0.253396937,0.748301964,0,,
93,9,9ème circonscription de la Seine-Saint-denis,Dref MENDACI,m,0.335402225,Claude Bartolone,m,0.664597775,0.001605434,0.998408927,0,,
93,10,10ème circonscription de la Seine-Saint-denis,Gérard GAUDRON,m,0.38734546,Daniel Goldberg,m,0.61265454,0.012112793,0.98799443,0,,
93,11,11ème circonscription de la Seine-Saint-denis,Martine VALLETON,f,0.343270926,Stéphane Gatignon,m,0.656729074,0.002182679,0.997836835,0,,
93,12,12ème circonscription de la Seine-Saint-denis,Éric RAOULT,m,0.476355992,Pascal Popelin,m,0.523644008,0.284918469,0.716911636,0,,
94,1,1ère circonscription du Val-de-Marne,Henri PLAGNOL,m,0.524707244,Akli Mellouli,m,0.475292756,0.725274065,0.276522831,0,,
94,2,2ème circonscription du Val-de-Marne,Thierry HEBBRECHT,m,0.344429882,Laurent Cathala,m,0.655570118,0.002283655,0.997736759,0,,
94,3,3ème circonscription du Val-de-Marne,Didier GONZALES,m,0.436867172,Roger-Gérard Schwartzenberg,m,0.563132828,0.078380174,0.922267494,0,,
94,4,4ème circonscription du Val-de-Marne,Jacques Alain BÉNISTI,m,0.51370939,Simone Abraham-Thisse,f,0.48629061,0.631966057,0.370129683,0,,
94,5,5ème circonscription du Val-de-Marne,Gilles CARREZ,m,0.493375164,Caroline Adomo,f,0.506624836,0.43669389,0.565518765,0,,
94,6,6ème circonscription du Val-de-Marne,Patrick BEAUDOUIN,m,0.472425098,Laurence Abeille,f,0.527574902,0.254657026,0.74704746,0,,
94,7,7ème circonscription du Val-de-Marne,Richard DELL'AGNOLA,m,0.419857407,Jean-Jacques Bridey,m,0.580142593,0.041894768,0.958465003,0,,
94,8,8ème circonscription du Val-de-Marne,Michel HERBILLON,m,0.498366865,Patricia Richard,f,0.501633135,0.485161786,0.517085917,0,,
94,9,9ème circonscription du Val-de-Marne,Monique TARON,f,0.351656096,René Rouquet,m,0.648343904,0.003027211,0.99699983,0,,
94,10,10ème circonscription du Val-de-Marne,Bruno CASTELNAU,m,0.298680182,Jean-Luc Laurent,m,0.701319818,0.000382302,0.999621122,0,,
94,11,11ème circonscription du Val-de-Marne,Christelle PRACHE,f,0.321702376,Jean-Yves Le Bouillonnec,m,0.678297624,0.000940139,0.999068276,0,,
95,1,1ère circonscription du Val-d'Oise,Philippe HOUILLON,m,0.512484344,Tatiana Gründler,f,0.487515656,0.620754095,0.381366962,0,,
95,2,2ème circonscription du Val-d'Oise,Axel PONIATOWSKI,m,0.48975335,Guillaume Vuilletet,m,0.51024665,0.402216963,0.599945066,0,,
95,3,3ème circonscription du Val-d'Oise,Jean BARDET,m,0.496127603,Maurice Boscavert,m,0.503872397,0.463329571,0.538907573,0,,
95,4,4ème circonscription du Val-d'Oise,Claude BODIN,m,0.492844477,Gérard Sebaoun,m,0.507155523,0.431595294,0.57061122,0,,
95,5,5ème circonscription du Val-d'Oise,Georges MOTHRON,m,0.35214761,Philipe Doucet,m,0.64785239,0.003085784,0.996941779,0,,
95,6,6ème circonscription du Val-d'Oise,François SCELLIER,m,0.495604164,Christine Neracoulis,f,0.504395836,0.458243295,0.543990158,0,,
95,7,7ème circonscription du Val-d'Oise,Jérôme CHARTIER,m,0.508446524,Charlotte Brun,f,0.491553476,0.582935369,0.419254346,0,,
95,8,8ème circonscription du Val-d'Oise,Marie-France BLANCHET,f,0.348144839,François Pupponi,m,0.651855161,0.002639814,0.997383776,0,,
95,9,9ème circonscription du Val-d'Oise,Yanick PATERNOTTE,m,0.450415778,Jean-Pierre Blazy,m,0.549584222,0.126232447,0.874756898,0,,
95,10,10ème circonscription du Val-d'Oise,Audrey TAMBORINI,f,0.393042749,Dominique Lefebvre,m,0.606957251,0.015090399,0.985042782,0,,
971,1,1ère circonscription de la Guadeloupe,Daniel MARSIN,m,0.246610293,Eric Jalton,m,0.753389707,4.99061E-05,0.999950541,0,,
971,2,2ème circonscription de la Guadeloupe,Laurent BERNIER,m,0.294262136,Gabrielle Louis-Carabin,f,0.705737864,0.000321657,0.999681224,0,,
971,3,3ème circonscription de la Guadeloupe,Jim LAPIN,m,0.261630245,Max Mathiasin,m,0.738369755,8.9794E-05,0.99991101,0,,
971,4,4ème circonscription de la Guadeloupe,Marie-Luce PENCHARD,f,0.321398876,Victorin Lurel,m,0.678601124,0.000929057,0.99907926,1,1,1
972,1,1ère circonscription de la Martinique,Naëma TILHAC,f,0.318850623,Louis-Joseph Manscour,m,0.681149377,0.000841005,0.999166523,0,,
972,2,2ème circonscription de la Martinique,Yan MONPLAISIR,m,0.340582028,Frantz Lebon,m,0.659417972,0.001965233,0.998052341,0,,
972,3,3ème circonscription de la Martinique,Georges VIRASSAMY,m,0.312403515,Serge Letchimy,m,0.687596485,0.000653698,0.999352155,0,,
972,4,4ème circonscription de la Martinique,Fred TIRAULT,m,0.288149239,Raymond Occolier,m,0.711850761,0.000253278,0.999748991,0,,
973,1,1ère circonscription de la Guyane,Réservée,m,0.37716317,Gabriel Serville,m,0.62283683,0.008166413,0.991906163,0,,
973,2,2ème circonscription de la Guyane,Léon BERTRAND,m,0.383278505,Sergine Kokason,f,0.616721495,0.01035004,0.989741741,0,,
974,1,1ère circonscription de La Réunion,René-Paul VICTORIA,m,0.349653986,Ericka Bareigts,f,0.650346014,0.002799859,0.997225157,0,,
974,2,2ème circonscription de La Réunion,Sandra SINIMALÉ,f,0.257830411,Laurence  Lougnon,f,0.742169589,7.7395E-05,0.999923298,0,,
974,3,3ème circonscription de La Réunion,Nathalie BASSIRE,f,0.302603279,Jean-Jacques Vlody,m,0.697396721,0.000445669,0.999558322,0,,
974,4,4ème circonscription de La Réunion,Béatrice SIGISMEAU,f,0.288565464,Patrick  Lebreton,m,0.711434536,0.000257433,0.999744873,0,,
974,5,5ème circonscription de La Réunion,Stéphane FOUASSIN,m,0.249322708,Jean-Claude  Fruteau,m,0.750677292,5.54908E-05,0.999945006,0,,
974,6,6ème circonscription de La Réunion,Jean-Louis LAGOURGUE,m,0.277592265,Monique Orphe,f,0.722407735,0.00016762,0.999833882,0,,
974,7,7ème circonscription de La Réunion,Jean-Claude LACOUTURE,m,0.274710711,Jean-Marie- Lasson,m,0.725289289,0.000149758,0.999851583,0,,
975,1,Circonscription unique de Saint-Pierre-et-Miquelon,François ZIMMERMANN,m,0.346938776,Annick Girardin,f,0.653061224,0.002518497,0.997504012,0,,
976,1,1ère circonscription de Mayotte,Zaïdou TAVANDAY,m,0.449137311,Ramlati Ali,f,0.550862689,0.120819886,0.880132858,0,,
976,2,2ème circonscription de Mayotte,Mansour KAMARDINE,m,0.555357957,Ibrahim Aboubacar,m,0.444642043,0.897476449,0.10335463,0,,
977,1,Circonscription unique de Saint-Barthélémy / Saint-Martin,Daniel GIBBS,m,0.594289928,Louis Mussington,m,0.405710072,0.975685912,0.02452851,0,,
986,1,Circonscription unique de Wallis-et-Futuna,David VERGÉ,m,0.439355887,Epifano Tui,m,0.560644113,0.085705901,0.914996718,0,,
987,1,1ère circonscription de Polynésie Française,Réservée,f,0.555622369,Pierre Frebault,m,0.444377631,0.898424037,0.102400238,0,,
987,2,2ème circonscription de Polynésie Française,Bruno SANDRAS,m,0.52198108,Philippe Neuffer,m,0.47801892,0.703528656,0.298351961,0,,
987,3,3ème circonscription de Polynésie Française,Réservée,m,0.516215078,Tauhiti Nena,m,0.483784922,0.654449467,0.34758866,0,,
988,1,1ère circonscription de Nouvelle-Calédonie,Gaël YANNO,m,0.69120472,Michel Jorda,m,0.30879528,0.99943737,0.000567714,0,,
988,2,2ème circonscription de Nouvelle-Calédonie,Eric GAY,m,0.581158005,Jean Pierre Djaiwe,m,0.418841995,0.960017453,0.040329436,0,,
999,1,1ère circonscription des Français Établis Hors De France,Frédéric LEFEBVRE,m,0.536302798,Corinne Narassiguin,f,0.463697202,0.806006339,0.195404779,1,1,
999,2,2ème circonscription des Français Établis Hors De France,Pascal DROUHAUD,m,0.523799305,Sergio Coronado,m,0.476200695,0.718142624,0.283682671,0,,
999,3,3ème circonscription des Français Établis Hors De France,Emmanuelle SAVARIT,f,0.469023185,Axelle Lemaire,f,0.530976815,0.230237214,0.771353964,0,,
999,4,4ème circonscription des Français Établis Hors De France,Marie-Anne MONTCHAMP,f,0.531230487,Philip Cordery,m,0.468769513,0.773098967,0.228483665,1,1,
999,5,5ème circonscription des Français Établis Hors De France,Laurence SAILLIET,f,0.534001617,Arnaud Leroy,m,0.465998383,0.791545939,0.209942966,0,,
999,6,6ème circonscription des Français Établis Hors De France,Claudine SCHMID,f,0.622864478,Nicole Castioni,f,0.377135522,0.991914839,0.008157659,0,,
999,7,7ème circonscription des Français Établis Hors De France,Ronan LE GLEUT,m,0.453389021,Pierre-Yves Le Borgn',m,0.546610979,0.139624916,0.86145275,0,,
999,8,8ème circonscription des Français Établis Hors De France,Valérie HOFFENBERG,f,0.629070589,Daphna Poznanski,f,0.370929411,0.993646159,0.006410915,0,,
999,9,9ème circonscription des Français Établis Hors De France,Khadija DOUKALI,f,0.383173233,Pouria Amirshahi,f,0.616826767,0.010307954,0.989783458,0,,
999,10,10ème circonscription des Français Établis Hors De France,Alain MARSAUD,m,0.553209283,Jean-Daniel Chaoui,m,0.446790717,0.889482096,0.111405743,0,,
999,11,11ème circonscription des Français Établis Hors De France,Thierry MARIANI,m,0.575476345,Marc Villard,m,0.424523655,0.950560606,0.049864069,1,1,